{"00e33e45.jpg176432":{"fileref":"","size":176432,"filename":"00e33e45.jpg","base64_img_data":"","file_attributes":{},"regions":{"0":{"shape_attributes":{"name":"polygon","all_points_x":[207,201,155,162,348,349,308,302,207],"all_points_y":[64,161,245,674,667,230,147,60,64]},"region_attributes":{"object_name":"calpis water"}}}},"84ec376ed5670591ee0f6ea9979c74b3-e1490600229612-730x410.jpg76686":{"fileref":"","size":76686,"filename":"84ec376ed5670591ee0f6ea9979c74b3-e1490600229612-730x410.jpg","base64_img_data":"","file_attributes":{},"regions":{"0":{"shape_attributes":{"name":"polygon","all_points_x":[375,382,379,410,482,448,423,412,375],"all_points_y":[248,279,314,407,408,289,268,236,248]},"region_attributes":{"object_name":"calpis water"}},"1":{"shape_attributes":{"name":"polygon","all_points_x":[224,265,266,277,273,206,208,221,224],"all_points_y":[226,230,263,292,408,406,276,258,226]},"region_attributes":{"object_name":"calpis water"}}}},"88f2bcc5da5785fca103838c1e675675.png661149":{"fileref":"","size":661149,"filename":"88f2bcc5da5785fca103838c1e675675.png","base64_img_data":"","file_attributes":{},"regions":{"0":{"shape_attributes":{"name":"polygon","all_points_x":[245,231,199,219,249,353,383,405,377,362,245],"all_points_y":[6,141,196,544,563,566,536,184,117,5,6]},"region_attributes":{"object_name":"calpis water"}}}},"164.jpg43083":{"fileref":"","size":43083,"filename":"164.jpg","base64_img_data":"","file_attributes":{},"regions":{"0":{"shape_attributes":{"name":"polygon","all_points_x":[203,170,143,160,235,246,274,266,271,203],"all_points_y":[0,84,257,271,278,261,70,40,0,0]},"region_attributes":{"object_name":"calpis water"}}}},"0707-3.jpg431912":{"fileref":"","size":431912,"filename":"0707-3.jpg","base64_img_data":"","file_attributes":{},"regions":{"0":{"shape_attributes":{"name":"polygon","all_points_x":[210,246,162,162,408,907,740,660,510,450,210],"all_points_y":[158,379,573,733,1495,1497,558,421,331,112,158]},"region_attributes":{"object_name":"calpis water"}},"1":{"shape_attributes":{"name":"polygon","all_points_x":[798,815,692,708,882,1337,1279,1200,1050,1019,919,798],"all_points_y":[54,260,460,581,1493,1499,492,342,219,31,10,54]},"region_attributes":{"object_name":"calpis water"}},"2":{"shape_attributes":{"name":"polygon","all_points_x":[1354,1344,1238,1177,1321,1714,1777,1710,1585,1573,1354],"all_points_y":[0,119,265,363,1484,1475,371,260,127,0,0]},"region_attributes":{"object_name":"calpis water"}}}},"1536e933.jpg33235":{"fileref":"","size":33235,"filename":"1536e933.jpg","base64_img_data":"","file_attributes":{},"regions":{"0":{"shape_attributes":{"name":"polygon","all_points_x":[305,321,326,300,301,305],"all_points_y":[75,80,131,131,86,75]},"region_attributes":{"object_name":"calpis water"}}}},"229449.jpg19497":{"fileref":"","size":19497,"filename":"229449.jpg","base64_img_data":"","file_attributes":{},"regions":{"0":{"shape_attributes":{"name":"polygon","all_points_x":[122,159,198,205,201,196,127,119,114,122],"all_points_y":[20,13,21,55,208,219,224,206,54,20]},"region_attributes":{"object_name":"calpis water"}}}},"425698_615.jpg108734":{"fileref":"","size":108734,"filename":"425698_615.jpg","base64_img_data":"","file_attributes":{},"regions":{"0":{"shape_attributes":{"name":"rect","x":71,"y":607,"width":29,"height":80},"region_attributes":{"object_name":"calpis water"}},"1":{"shape_attributes":{"name":"rect","x":408,"y":614,"width":30,"height":76},"region_attributes":{"object_name":"calpis water"}},"2":{"shape_attributes":{"name":"rect","x":566,"y":616,"width":23,"height":71},"region_attributes":{"object_name":"calpis water"}},"3":{"shape_attributes":{"name":"polygon","all_points_x":[210,211,170,162,348,350,311,313,275,210],"all_points_y":[81,160,262,577,578,290,179,97,80,81]},"region_attributes":{"object_name":"calpis water"}}}},"943711_10151749018394573_426636080_n.jpg431912":{"fileref":"","size":431912,"filename":"943711_10151749018394573_426636080_n.jpg","base64_img_data":"","file_attributes":{},"regions":{"0":{"shape_attributes":{"name":"polygon","all_points_x":[221,260,164,162,387,897,743,682,499,442,326,221],"all_points_y":[158,371,571,716,1429,1429,598,465,319,117,127,158]},"region_attributes":{"object_name":"calpis water"}},"1":{"shape_attributes":{"name":"polygon","all_points_x":[798,809,719,686,866,1339,1283,1208,1060,1017,921,798],"all_points_y":[47,237,397,522,1339,1339,500,366,219,23,16,47]},"region_attributes":{"object_name":"calpis water"}},"2":{"shape_attributes":{"name":"polygon","all_points_x":[1345,1345,1239,1173,1320,1738,1777,1717,1576,1576,1345],"all_points_y":[0,129,272,377,1247,1249,375,262,121,2,0]},"region_attributes":{"object_name":"calpis water"}}}},"2069607_201604040073364001459769354c.jpg60682":{"fileref":"","size":60682,"filename":"2069607_201604040073364001459769354c.jpg","base64_img_data":"","file_attributes":{},"regions":{"0":{"shape_attributes":{"name":"polygon","all_points_x":[85,104,107,108,81,73,85],"all_points_y":[84,90,111,171,174,163,84]},"region_attributes":{"object_name":"calpis water"}},"1":{"shape_attributes":{"name":"polygon","all_points_x":[248,261,267,271,243,240,248],"all_points_y":[180,178,199,253,253,199,180]},"region_attributes":{"object_name":"calpis water"}}}},"2069607_201604040073647001459769354c.jpg46695":{"fileref":"","size":46695,"filename":"2069607_201604040073647001459769354c.jpg","base64_img_data":"","file_attributes":{},"regions":{"0":{"shape_attributes":{"name":"polygon","all_points_x":[137,259,289,291,254,138,130,137],"all_points_y":[96,94,107,134,154,160,133,96]},"region_attributes":{"object_name":"calpis water"}}}},"20120422_447106.jpg77263":{"fileref":"","size":77263,"filename":"20120422_447106.jpg","base64_img_data":"","file_attributes":{},"regions":{"0":{"shape_attributes":{"name":"polygon","all_points_x":[60,60,29,44,67,125,151,165,136,135,60],"all_points_y":[18,85,170,371,392,395,374,161,82,12,18]},"region_attributes":{"object_name":"calpis water"}}}},"20131201_arimura_08.png535420":{"fileref":"","size":535420,"filename":"20131201_arimura_08.png","base64_img_data":"","file_attributes":{},"regions":{"0":{"shape_attributes":{"name":"polygon","all_points_x":[21,47,55,214,291,291,134,92,61,21],"all_points_y":[132,177,222,395,335,310,143,135,104,132]},"region_attributes":{"object_name":"calpis water"}}}},"20140720-IMG_25081-1038x692 (1).jpg331874":{"fileref":"","size":331874,"filename":"20140720-IMG_25081-1038x692 (1).jpg","base64_img_data":"","file_attributes":{},"regions":{"0":{"shape_attributes":{"name":"polygon","all_points_x":[90,94,43,28,87,133,255,296,305,286,271,197,176,90],"all_points_y":[81,150,210,251,648,689,690,658,621,398,199,148,68,81]},"region_attributes":{"object_name":"calpis water"}},"1":{"shape_attributes":{"name":"polygon","all_points_x":[429,424,376,352,358,559,586,567,518,515,474,429],"all_points_y":[88,161,203,247,679,686,266,199,164,98,81,88]},"region_attributes":{"object_name":"calpis water"}},"2":{"shape_attributes":{"name":"polygon","all_points_x":[664,655,600,566,558,800,832,774,757,759,725,664],"all_points_y":[167,237,280,330,639,639,336,254,234,170,147,167]},"region_attributes":{"object_name":"calpis water"}},"3":{"shape_attributes":{"name":"polygon","all_points_x":[185,132,166,267,279,308,345,341,267,185],"all_points_y":[1,60,154,247,503,507,478,65,1,1]},"region_attributes":{"object_name":"calpis water"}},"4":{"shape_attributes":{"name":"polygon","all_points_x":[486,480,413,410,534,567,573,629,639,622,571,566,486],"all_points_y":[0,49,129,177,202,244,305,279,147,102,53,1,0]},"region_attributes":{"object_name":"calpis water"}},"5":{"shape_attributes":{"name":"polygon","all_points_x":[762,754,712,740,819,794,844,906,893,847,847,811,762],"all_points_y":[59,122,152,246,335,567,566,226,176,130,59,47,59]},"region_attributes":{"object_name":"calpis water"}},"6":{"shape_attributes":{"name":"polygon","all_points_x":[971,904,869,830,973,971],"all_points_y":[228,272,314,562,567,228]},"region_attributes":{"object_name":"calpis water"}}}},"20140720-IMG_25081-1038x692.jpg331874":{"fileref":"","size":331874,"filename":"20140720-IMG_25081-1038x692.jpg","base64_img_data":"","file_attributes":{},"regions":{"0":{"shape_attributes":{"name":"polygon","all_points_x":[96,89,40,23,85,129,255,296,310,276,196,179,132,96],"all_points_y":[73,162,210,258,654,689,690,660,615,222,146,76,66,73]},"region_attributes":{"object_name":"calpis water"}},"1":{"shape_attributes":{"name":"polygon","all_points_x":[429,421,360,345,349,358,556,590,527,516,471,429],"all_points_y":[86,162,213,339,592,682,688,254,162,91,78,86]},"region_attributes":{"object_name":"calpis water"}},"2":{"shape_attributes":{"name":"polygon","all_points_x":[666,653,572,561,553,794,831,836,763,760,717,666],"all_points_y":[156,233,311,504,674,688,399,305,237,161,145,156]},"region_attributes":{"object_name":"calpis water"}},"3":{"shape_attributes":{"name":"polygon","all_points_x":[1032,998,961,873,813,1031,1032],"all_points_y":[148,153,226,297,686,687,148]},"region_attributes":{"object_name":"calpis water"}},"4":{"shape_attributes":{"name":"polygon","all_points_x":[765,853,848,911,842,708,694,765],"all_points_y":[48,58,132,212,669,674,173,48]},"region_attributes":{"object_name":"calpis water"}},"5":{"shape_attributes":{"name":"polygon","all_points_x":[279,339,352,314,271,258,151,127,178,279],"all_points_y":[3,70,480,512,513,240,148,68,0,3]},"region_attributes":{"object_name":"calpis water"}}}},"a96dba19.jpg143488":{"fileref":"","size":143488,"filename":"a96dba19.jpg","base64_img_data":"","file_attributes":{},"regions":{"0":{"shape_attributes":{"name":"polygon","all_points_x":[626,569,477,166,477,589,615,675,626],"all_points_y":[624,657,663,862,868,804,733,693,624]},"region_attributes":{"object_name":"calpis water"}}}},"a1247_756_8a553cfa_a73e697c.jpg77010":{"fileref":"","size":77010,"filename":"a1247_756_8a553cfa_a73e697c.jpg","base64_img_data":"","file_attributes":{},"regions":{"0":{"shape_attributes":{"name":"polygon","all_points_x":[473,465,441,413,419,476,506,532,515,520,473],"all_points_y":[27,69,94,283,306,322,313,113,75,34,27]},"region_attributes":{"object_name":"calpis water"}}}},"b3bce262-ebb0-4665-b0b0-c614ffc173ea.jpg46290":{"fileref":"","size":46290,"filename":"b3bce262-ebb0-4665-b0b0-c614ffc173ea.jpg","base64_img_data":"","file_attributes":{},"regions":{"0":{"shape_attributes":{"name":"polygon","all_points_x":[139,129,119,284,292,280,139],"all_points_y":[3,32,347,347,30,2,3]},"region_attributes":{}},"1":{"shape_attributes":{"name":"polygon","all_points_x":[340,327,345,484,469,460,443,340],"all_points_y":[1,31,311,309,91,19,2,1]},"region_attributes":{}}}},"calpis8.jpg27811":{"fileref":"","size":27811,"filename":"calpis8.jpg","base64_img_data":"","file_attributes":{},"regions":{"0":{"shape_attributes":{"name":"polygon","all_points_x":[88,77,35,10,139,168,147,156,136,88],"all_points_y":[4,53,93,210,210,119,69,19,6,4]},"region_attributes":{"object_name":"calpis water"}},"1":{"shape_attributes":{"name":"polygon","all_points_x":[147,135,133,233,219,224,250,242,147],"all_points_y":[2,16,204,209,118,55,25,2,2]},"region_attributes":{"object_name":"calpis water"}},"2":{"shape_attributes":{"name":"polygon","all_points_x":[253,250,225,228,337,340,307,308,253],"all_points_y":[2,29,61,203,208,74,29,2,2]},"region_attributes":{"object_name":"calpis water"}},"3":{"shape_attributes":{"name":"polygon","all_points_x":[392,398,381,408,496,499,485,463,455,392],"all_points_y":[3,48,96,209,207,73,47,28,1,3]},"region_attributes":{"object_name":"calpis water"}}}},"calpis2014.jpg38146":{"fileref":"","size":38146,"filename":"calpis2014.jpg","base64_img_data":"","file_attributes":{},"regions":{"0":{"shape_attributes":{"name":"polygon","all_points_x":[55,58,33,48,172,215,194,139,132,55],"all_points_y":[25,110,176,361,368,302,159,86,17,25]},"region_attributes":{"object_name":"calpis water"}},"1":{"shape_attributes":{"name":"polygon","all_points_x":[201,198,165,165,203,219,298,308,276,281,201],"all_points_y":[2,30,80,118,160,293,161,89,22,1,2]},"region_attributes":{"object_name":"calpis water"}},"2":{"shape_attributes":{"name":"polygon","all_points_x":[406,375,305,177,288,375,441,448,480,474,423,406],"all_points_y":[56,105,150,368,367,322,220,149,96,75,50,56]},"region_attributes":{"object_name":"calpis water"}}}},"calpis2017summer7.jpg17321":{"fileref":"","size":17321,"filename":"calpis2017summer7.jpg","base64_img_data":"","file_attributes":{},"regions":{"0":{"shape_attributes":{"name":"polygon","all_points_x":[120,116,105,100,96,167,164,167,151,153,120],"all_points_y":[85,115,126,146,246,236,185,129,109,82,85]},"region_attributes":{"object_name":"calpis water"}},"1":{"shape_attributes":{"name":"polygon","all_points_x":[214,211,200,201,198,261,260,262,249,247,214],"all_points_y":[57,85,99,156,234,227,164,97,78,53,57]},"region_attributes":{"object_name":"calpis water"}},"2":{"shape_attributes":{"name":"polygon","all_points_x":[280,277,267,272,328,329,315,315,280],"all_points_y":[76,103,124,226,221,114,98,78,76]},"region_attributes":{"object_name":"calpis water"}}}},"CalpisWater.jpg39390":{"fileref":"","size":39390,"filename":"CalpisWater.jpg","base64_img_data":"","file_attributes":{},"regions":{"0":{"shape_attributes":{"name":"polygon","all_points_x":[43,40,16,9,127,125,105,101,43],"all_points_y":[13,69,103,348,352,97,66,16,13]},"region_attributes":{"object_name":"calpis water"}},"1":{"shape_attributes":{"name":"polygon","all_points_x":[159,152,129,129,245,251,249,216,213,159],"all_points_y":[22,71,112,350,351,315,110,65,18,22]},"region_attributes":{"object_name":"calpis water"}}}},"ce8a6f44.jpg88397":{"fileref":"","size":88397,"filename":"ce8a6f44.jpg","base64_img_data":"","file_attributes":{},"regions":{"0":{"shape_attributes":{"name":"polygon","all_points_x":[598,594,561,570,581,699,732,738,694,695,663,598],"all_points_y":[12,101,156,602,614,407,407,170,100,15,6,12]},"region_attributes":{"object_name":"calpis water"}}}},"Cl7R5j8UYAIrLS7.jpg85187":{"fileref":"","size":85187,"filename":"Cl7R5j8UYAIrLS7.jpg","base64_img_data":"","file_attributes":{},"regions":{"0":{"shape_attributes":{"name":"polygon","all_points_x":[910,880,822,703,712,824,847,969,959,987,910],"all_points_y":[63,132,188,498,513,561,550,247,163,95,63]},"region_attributes":{"object_name":"calpis water"}}}},"CxPAAFGUoAA_5Ul.jpg99262":{"fileref":"","size":99262,"filename":"CxPAAFGUoAA_5Ul.jpg","base64_img_data":"","file_attributes":{},"regions":{"0":{"shape_attributes":{"name":"polygon","all_points_x":[234,239,219,212,255,475,399,339,316,272,234],"all_points_y":[196,269,318,377,670,668,312,255,181,174,196]},"region_attributes":{"object_name":"calpis water"}}}},"f555ead1.jpg123628":{"fileref":"","size":123628,"filename":"f555ead1.jpg","base64_img_data":"","file_attributes":{},"regions":{"0":{"shape_attributes":{"name":"polygon","all_points_x":[247,243,222,223,235,290,308,302,315,299,297,247],"all_points_y":[5,51,83,256,288,296,284,94,68,43,3,5]},"region_attributes":{"object_name":"calpis water"}},"1":{"shape_attributes":{"name":"polygon","all_points_x":[326,325,304,310,320,346,390,405,406,380,377,326],"all_points_y":[7,54,93,287,299,305,299,262,99,48,4,7]},"region_attributes":{"object_name":"calpis water"}}}},"ff2.jpeg11727":{"fileref":"","size":11727,"filename":"ff2.jpeg","base64_img_data":"","file_attributes":{},"regions":{"0":{"shape_attributes":{"name":"polygon","all_points_x":[93,148,160,181,180,182,154,105,91,89,72,88,93],"all_points_y":[15,11,61,105,202,303,313,309,282,207,131,70,15]},"region_attributes":{"object_name":"calpis water"}}}},"image.jpg118129":{"fileref":"","size":118129,"filename":"image.jpg","base64_img_data":"","file_attributes":{},"regions":{"0":{"shape_attributes":{"name":"polygon","all_points_x":[513,474,426,290,293,311,362,487,503,535,513],"all_points_y":[287,311,312,404,427,457,456,381,352,326,287]},"region_attributes":{"object_name":"calpis water"}}}},"img_1_m.jpg130213":{"fileref":"","size":130213,"filename":"img_1_m.jpg","base64_img_data":"","file_attributes":{},"regions":{"0":{"shape_attributes":{"name":"polygon","all_points_x":[17,158,166,166,132,43,11,17],"all_points_y":[125,127,177,391,405,409,381,125]},"region_attributes":{"object_name":"calpis water"}},"1":{"shape_attributes":{"name":"polygon","all_points_x":[170,297,303,304,271,185,166,170],"all_points_y":[126,127,172,393,405,403,378,126]},"region_attributes":{"object_name":"calpis water"}},"2":{"shape_attributes":{"name":"polygon","all_points_x":[310,440,451,446,410,324,307,305,310],"all_points_y":[129,129,178,393,409,408,384,154,129]},"region_attributes":{"object_name":"calpis water"}},"3":{"shape_attributes":{"name":"polygon","all_points_x":[426,421,425,482,545,545,540,517,426],"all_points_y":[64,123,362,374,366,104,63,52,64]},"region_attributes":{"object_name":"calpis water"}}}},"img_3187.jpg57834":{"fileref":"","size":57834,"filename":"img_3187.jpg","base64_img_data":"","file_attributes":{},"regions":{"0":{"shape_attributes":{"name":"polygon","all_points_x":[191,250,255,276,271,242,179,155,161,189,191],"all_points_y":[8,9,79,126,355,368,364,341,112,65,8]},"region_attributes":{"object_name":"calpis water"}}}},"IMG_3811.JPG164356":{"fileref":"","size":164356,"filename":"IMG_3811.JPG","base64_img_data":"","file_attributes":{},"regions":{"0":{"shape_attributes":{"name":"polygon","all_points_x":[212,140,144,113,108,158,198,277,313,338,323,298,292,268,212],"all_points_y":[74,100,227,282,386,578,614,603,563,349,255,213,115,81,74]},"region_attributes":{"object_name":"calpis water"}},"1":{"shape_attributes":{"name":"polygon","all_points_x":[414,378,343,318,303,340,411,450,537,556,521,548,541,486,414],"all_points_y":[84,204,228,272,565,592,591,567,374,307,224,134,80,72,84]},"region_attributes":{"object_name":"calpis water"}}}},"IMG_6353.jpg80419":{"fileref":"","size":80419,"filename":"IMG_6353.jpg","base64_img_data":"","file_attributes":{},"regions":{"0":{"shape_attributes":{"name":"polygon","all_points_x":[195,221,213,371,415,546,358,300,269,221,195],"all_points_y":[20,87,143,478,479,405,77,43,0,1,20]},"region_attributes":{"object_name":"calpis water"}}}},"IMG_8810.jpg1515738":{"fileref":"","size":1515738,"filename":"IMG_8810.jpg","base64_img_data":"","file_attributes":{},"regions":{"0":{"shape_attributes":{"name":"polygon","all_points_x":[1116,1874,1869,2169,2048,1990,1981,1715,1150,956,918,792,1087,1116],"all_points_y":[72,68,884,1531,2435,3188,3729,3937,3913,3613,2357,1386,802,72]},"region_attributes":{"object_name":"calpis water"}}}},"index_h1.jpg351267":{"fileref":"","size":351267,"filename":"index_h1.jpg","base64_img_data":"","file_attributes":{},"regions":{"0":{"shape_attributes":{"name":"polygon","all_points_x":[236,286,311,301,251,194,214,236],"all_points_y":[187,194,278,494,504,494,224,187]},"region_attributes":{"object_name":"calpis water"}}}},"karupis.jpg16961":{"fileref":"","size":16961,"filename":"karupis.jpg","base64_img_data":"","file_attributes":{},"regions":{"0":{"shape_attributes":{"name":"polygon","all_points_x":[329,323,306,284,294,361,382,370,371,350,329],"all_points_y":[20,56,72,217,228,228,91,54,20,17,20]},"region_attributes":{"object_name":"calpis water"}}}},"karupisu_01.jpg26031":{"fileref":"","size":26031,"filename":"karupisu_01.jpg","base64_img_data":"","file_attributes":{},"regions":{"0":{"shape_attributes":{"name":"polygon","all_points_x":[185,174,122,106,319,368,355,316,325,185],"all_points_y":[6,101,207,609,609,288,220,117,4,6]},"region_attributes":{"object_name":"calpis water"}}}},"kurosima.jpg45028":{"fileref":"","size":45028,"filename":"kurosima.jpg","base64_img_data":"","file_attributes":{},"regions":{"0":{"shape_attributes":{"name":"polygon","all_points_x":[271,293,313,405,517,526,375,336,306,271],"all_points_y":[228,260,325,419,421,404,240,222,193,228]},"region_attributes":{"object_name":"calpis water"}}}},"L_3140453F4B914E82AFA14FFD0A965528.jpg58628":{"fileref":"","size":58628,"filename":"L_3140453F4B914E82AFA14FFD0A965528.jpg","base64_img_data":"","file_attributes":{},"regions":{"0":{"shape_attributes":{"name":"polygon","all_points_x":[76,73,57,64,106,115,108,76],"all_points_y":[40,79,103,251,251,69,38,40]},"region_attributes":{"object_name":"calpis water"}},"1":{"shape_attributes":{"name":"polygon","all_points_x":[118,117,111,95,102,155,163,152,118],"all_points_y":[26,21,53,85,255,256,63,24,26]},"region_attributes":{"object_name":"calpis water"}},"2":{"shape_attributes":{"name":"polygon","all_points_x":[166,207,205,223,222,152,145,163,166],"all_points_y":[6,7,43,76,263,262,71,43,6]},"region_attributes":{"object_name":"calpis water"}}}},"m_calpiswater1.jpg66032":{"fileref":"","size":66032,"filename":"m_calpiswater1.jpg","base64_img_data":"","file_attributes":{},"regions":{"0":{"shape_attributes":{"name":"polygon","all_points_x":[240,220,200,169,236,263,266,271,240],"all_points_y":[160,188,205,282,283,224,197,174,160]},"region_attributes":{"object_name":"calpis water"}}}},"m_calpis-water20-7d951.JPG101679":{"fileref":"","size":101679,"filename":"m_calpis-water20-7d951.JPG","base64_img_data":"","file_attributes":{},"regions":{"0":{"shape_attributes":{"name":"polygon","all_points_x":[179,217,218,242,243,247,178,165,177,179],"all_points_y":[160,159,185,213,285,312,311,213,186,160]},"region_attributes":{"object_name":"calpis water"}}}},"m_calpis-water21-38bbe.JPG90096":{"fileref":"","size":90096,"filename":"m_calpis-water21-38bbe.JPG","base64_img_data":"","file_attributes":{},"regions":{"0":{"shape_attributes":{"name":"polygon","all_points_x":[209,241,244,260,256,187,191,188,204,209],"all_points_y":[152,152,181,207,314,313,247,204,172,152]},"region_attributes":{"object_name":"calpis water"}}}},"maxresdefault (1).jpg66398":{"fileref":"","size":66398,"filename":"maxresdefault (1).jpg","base64_img_data":"","file_attributes":{},"regions":{"0":{"shape_attributes":{"name":"polygon","all_points_x":[534,554,508,588,889,800,710,681,534],"all_points_y":[23,175,302,713,711,242,130,10,23]},"region_attributes":{"object_name":"calpis water"}},"1":{"shape_attributes":{"name":"polygon","all_points_x":[831,843,817,895,1173,1063,988,966,908,831],"all_points_y":[139,254,314,715,716,272,213,121,103,139]},"region_attributes":{"object_name":"calpis water"}}}},"maxresdefault (2).jpg66398":{"fileref":"","size":66398,"filename":"maxresdefault (2).jpg","base64_img_data":"","file_attributes":{},"regions":{"0":{"shape_attributes":{"name":"polygon","all_points_x":[540,559,506,591,887,796,708,682,540],"all_points_y":[31,170,318,713,716,242,143,9,31]},"region_attributes":{"object_name":"calpis water"}},"1":{"shape_attributes":{"name":"polygon","all_points_x":[865,836,846,814,814,892,1173,1061,993,966,865],"all_points_y":[116,150,252,300,329,718,718,267,209,117,116]},"region_attributes":{"object_name":"calpis water"}}}},"maxresdefault (3).jpg195108":{"fileref":"","size":195108,"filename":"maxresdefault (3).jpg","base64_img_data":"","file_attributes":{},"regions":{"0":{"shape_attributes":{"name":"polygon","all_points_x":[475,604,605,669,669,410,408,464,475],"all_points_y":[536,538,669,783,1079,1075,785,674,536]},"region_attributes":{"object_name":"calpis water"}},"1":{"shape_attributes":{"name":"polygon","all_points_x":[295,380,388,419,423,241,245,283,295],"all_points_y":[573,573,687,763,1070,1074,756,666,573]},"region_attributes":{"object_name":"calpis water"}},"2":{"shape_attributes":{"name":"polygon","all_points_x":[1748,1833,1836,1873,1884,1709,1708,1745,1748],"all_points_y":[567,567,677,767,1070,1070,748,673,567]},"region_attributes":{"object_name":"calpis water"}}}},"maxresdefault (4).jpg54643":{"fileref":"","size":54643,"filename":"maxresdefault (4).jpg","base64_img_data":"","file_attributes":{},"regions":{"0":{"shape_attributes":{"name":"polygon","all_points_x":[594,629,628,643,641,576,577,588,594],"all_points_y":[596,598,632,661,719,718,650,624,596]},"region_attributes":{"object_name":"calpis water"}}}},"maxresdefault.jpg83344":{"fileref":"","size":83344,"filename":"maxresdefault.jpg","base64_img_data":"","file_attributes":{},"regions":{"0":{"shape_attributes":{"name":"polygon","all_points_x":[390,539,624,650,687,693,659,633,547,399,382,390],"all_points_y":[235,227,218,229,237,295,297,326,325,340,302,235]},"region_attributes":{"object_name":"calpis water"}}}},"mei_nagano-calpiswater-cm2017.jpg210424":{"fileref":"","size":210424,"filename":"mei_nagano-calpiswater-cm2017.jpg","base64_img_data":"","file_attributes":{},"regions":{"0":{"shape_attributes":{"name":"polygon","all_points_x":[556,604,626,672,691,741,725,636,605,576,546,558,556],"all_points_y":[196,184,231,269,387,509,531,554,519,385,303,247,196]},"region_attributes":{"object_name":"calpis water"}}}},"parts_img_reduction.jpg187707":{"fileref":"","size":187707,"filename":"parts_img_reduction.jpg","base64_img_data":"","file_attributes":{},"regions":{"0":{"shape_attributes":{"name":"polygon","all_points_x":[143,179,181,196,193,156,125,126,139,143],"all_points_y":[110,114,150,179,323,331,326,178,153,110]},"region_attributes":{"object_name":"calpis water"}}}},"resize_image (1).jpg339389":{"fileref":"","size":339389,"filename":"resize_image (1).jpg","base64_img_data":"","file_attributes":{},"regions":{"0":{"shape_attributes":{"name":"polygon","all_points_x":[530,542,543,660,748,746,715,639,530],"all_points_y":[2,76,151,412,417,118,34,0,2]},"region_attributes":{"object_name":"calpis water"}},"1":{"shape_attributes":{"name":"polygon","all_points_x":[81,28,3,3,134,211,195,202,81],"all_points_y":[3,37,99,388,373,123,46,4,3]},"region_attributes":{"object_name":"calpis water"}},"2":{"shape_attributes":{"name":"polygon","all_points_x":[309,306,318,276,259,277,486,481,421,420,413,309],"all_points_y":[3,26,44,110,161,418,417,130,47,17,2,3]},"region_attributes":{"object_name":"calpis water"}}}},"resize_image.jpg339389":{"fileref":"","size":339389,"filename":"resize_image.jpg","base64_img_data":"","file_attributes":{},"regions":{"0":{"shape_attributes":{"name":"polygon","all_points_x":[82,29,1,0,106,210,193,198,82],"all_points_y":[1,39,91,405,416,139,48,2,1]},"region_attributes":{"object_name":"calpis water"}},"1":{"shape_attributes":{"name":"polygon","all_points_x":[531,546,532,661,746,747,717,642,531],"all_points_y":[1,79,142,411,417,105,39,2,1]},"region_attributes":{"object_name":"calpis water"}},"2":{"shape_attributes":{"name":"polygon","all_points_x":[314,311,318,275,259,279,488,479,422,419,409,314],"all_points_y":[3,34,40,113,176,416,415,121,43,18,2,3]},"region_attributes":{"object_name":"calpis water"}}}},"Rocketnews24_210829 (1).jpg106477":{"fileref":"","size":106477,"filename":"Rocketnews24_210829 (1).jpg","base64_img_data":"","file_attributes":{},"regions":{"0":{"shape_attributes":{"name":"polygon","all_points_x":[199,269,269,290,286,270,172,155,162,193,199],"all_points_y":[9,13,87,139,415,420,418,398,131,77,9]},"region_attributes":{}},"1":{"shape_attributes":{"name":"polygon","all_points_x":[318,389,394,423,415,401,302,276,288,315,318],"all_points_y":[13,14,82,135,414,419,420,400,116,69,13]},"region_attributes":{}}}}}