{"00e33e45.jpg176432":{"fileref":"","size":176432,"filename":"00e33e45.jpg","base64_img_data":"","file_attributes":{},"regions":{"0":{"shape_attributes":{"name":"rect","x":165,"y":66,"width":181,"height":594},"region_attributes":{"object_name":"calpis water"}}}},"84ec376ed5670591ee0f6ea9979c74b3-e1490600229612-730x410.jpg76686":{"fileref":"","size":76686,"filename":"84ec376ed5670591ee0f6ea9979c74b3-e1490600229612-730x410.jpg","base64_img_data":"","file_attributes":{},"regions":{"0":{"shape_attributes":{"name":"rect","x":208,"y":228,"width":68,"height":178},"region_attributes":{"object_name":"calpis water"}},"1":{"shape_attributes":{"name":"rect","x":376,"y":239,"width":105,"height":170},"region_attributes":{"object_name":"calpis water"}}}},"88f2bcc5da5785fca103838c1e675675.png661149":{"fileref":"","size":661149,"filename":"88f2bcc5da5785fca103838c1e675675.png","base64_img_data":"","file_attributes":{},"regions":{"0":{"shape_attributes":{"name":"rect","x":215,"y":2,"width":178,"height":560},"region_attributes":{"object_name":"calpis water"}}}},"164.jpg43083":{"fileref":"","size":43083,"filename":"164.jpg","base64_img_data":"","file_attributes":{},"regions":{"0":{"shape_attributes":{"name":"rect","x":153,"y":2,"width":111,"height":273},"region_attributes":{"object_name":"calpis water"}}}},"0707-3.jpg431912":{"fileref":"","size":431912,"filename":"0707-3.jpg","base64_img_data":"","file_attributes":{},"regions":{"0":{"shape_attributes":{"name":"rect","x":162,"y":106,"width":728,"height":1299},"region_attributes":{"object_name":"calpis water"}},"1":{"shape_attributes":{"name":"rect","x":685,"y":34,"width":650,"height":1375},"region_attributes":{"object_name":"calpis water"}},"2":{"shape_attributes":{"name":"rect","x":1182,"y":2,"width":593,"height":1409},"region_attributes":{"object_name":"calpis water"}}}},"1536e933.jpg33235":{"fileref":"","size":33235,"filename":"1536e933.jpg","base64_img_data":"","file_attributes":{},"regions":{"0":{"shape_attributes":{"name":"rect","x":301,"y":76,"width":25,"height":58},"region_attributes":{"object_name":"calpis water"}}}},"229449.jpg19497":{"fileref":"","size":19497,"filename":"229449.jpg","base64_img_data":"","file_attributes":{},"regions":{"0":{"shape_attributes":{"name":"rect","x":114,"y":16,"width":91,"height":209},"region_attributes":{"object_name":"calpis water"}}}},"425698_615.jpg108734":{"fileref":"","size":108734,"filename":"425698_615.jpg","base64_img_data":"","file_attributes":{},"regions":{"0":{"shape_attributes":{"name":"rect","x":87,"y":52,"width":29,"height":82},"region_attributes":{"object_name":"calpis water"}},"1":{"shape_attributes":{"name":"rect","x":82,"y":238,"width":29,"height":76},"region_attributes":{"object_name":"calpis water"}},"2":{"shape_attributes":{"name":"rect","x":76,"y":421,"width":27,"height":79},"region_attributes":{"object_name":"calpis water"}},"3":{"shape_attributes":{"name":"rect","x":169,"y":154,"width":28,"height":77},"region_attributes":{"object_name":"calpis water"}},"4":{"shape_attributes":{"name":"rect","x":341,"y":1,"width":23,"height":71},"region_attributes":{"object_name":"calpis water"}},"5":{"shape_attributes":{"name":"rect","x":71,"y":607,"width":29,"height":80},"region_attributes":{"object_name":"calpis water"}},"6":{"shape_attributes":{"name":"rect","x":408,"y":614,"width":30,"height":76},"region_attributes":{"object_name":"calpis water"}},"7":{"shape_attributes":{"name":"rect","x":491,"y":526,"width":22,"height":74},"region_attributes":{"object_name":"calpis water"}},"8":{"shape_attributes":{"name":"rect","x":566,"y":616,"width":23,"height":71},"region_attributes":{"object_name":"calpis water"}},"9":{"shape_attributes":{"name":"rect","x":409,"y":436,"width":32,"height":78},"region_attributes":{"object_name":"calpis water"}},"10":{"shape_attributes":{"name":"rect","x":565,"y":443,"width":26,"height":74},"region_attributes":{"object_name":"calpis water"}},"11":{"shape_attributes":{"name":"rect","x":492,"y":354,"width":23,"height":73},"region_attributes":{"object_name":"calpis water"}},"12":{"shape_attributes":{"name":"rect","x":568,"y":275,"width":24,"height":74},"region_attributes":{"object_name":"calpis water"}},"13":{"shape_attributes":{"name":"rect","x":492,"y":184,"width":27,"height":76},"region_attributes":{"object_name":"calpis water"}},"14":{"shape_attributes":{"name":"rect","x":496,"y":16,"width":22,"height":76},"region_attributes":{"object_name":"calpis water"}},"15":{"shape_attributes":{"name":"rect","x":569,"y":110,"width":24,"height":70},"region_attributes":{"object_name":"calpis water"}},"16":{"shape_attributes":{"name":"rect","x":1,"y":139,"width":23,"height":79},"region_attributes":{"object_name":"calpis water"}},"17":{"shape_attributes":{"name":"rect","x":550,"y":30,"width":63,"height":69},"region_attributes":{"object_name":"calpis water"}},"18":{"shape_attributes":{"name":"rect","x":473,"y":270,"width":63,"height":73},"region_attributes":{"object_name":"calpis water"}},"19":{"shape_attributes":{"name":"rect","x":51,"y":517,"width":75,"height":63},"region_attributes":{"object_name":"calpis water"}},"20":{"shape_attributes":{"name":"rect","x":163,"y":80,"width":187,"height":479},"region_attributes":{"object_name":"calpis water"}}}},"943711_10151749018394573_426636080_n.jpg431912":{"fileref":"","size":431912,"filename":"943711_10151749018394573_426636080_n.jpg","base64_img_data":"","file_attributes":{},"regions":{"0":{"shape_attributes":{"name":"rect","x":155,"y":126,"width":731,"height":1283},"region_attributes":{"object_name":"calpis water"}},"1":{"shape_attributes":{"name":"rect","x":674,"y":29,"width":656,"height":1382},"region_attributes":{"object_name":"calpis water"}},"2":{"shape_attributes":{"name":"rect","x":1163,"y":2,"width":598,"height":1407},"region_attributes":{"object_name":"calpis water"}}}},"2069607_201604040073364001459769354c.jpg60682":{"fileref":"","size":60682,"filename":"2069607_201604040073364001459769354c.jpg","base64_img_data":"","file_attributes":{},"regions":{"0":{"shape_attributes":{"name":"rect","x":80,"y":85,"width":28,"height":85},"region_attributes":{"object_name":"calpis water"}},"1":{"shape_attributes":{"name":"rect","x":235,"y":10,"width":33,"height":75},"region_attributes":{"object_name":"calpis water"}},"2":{"shape_attributes":{"name":"rect","x":1,"y":106,"width":15,"height":72},"region_attributes":{"object_name":"calpis water"}},"3":{"shape_attributes":{"name":"rect","x":241,"y":177,"width":30,"height":75},"region_attributes":{"object_name":"calpis water"}},"4":{"shape_attributes":{"name":"rect","x":245,"y":348,"width":33,"height":76},"region_attributes":{"object_name":"calpis water"}}}},"2069607_201604040073647001459769354c.jpg46695":{"fileref":"","size":46695,"filename":"2069607_201604040073647001459769354c.jpg","base64_img_data":"","file_attributes":{},"regions":{"0":{"shape_attributes":{"name":"rect","x":134,"y":97,"width":160,"height":57},"region_attributes":{"object_name":"calpis water"}}}},"20120422_447106.jpg77263":{"fileref":"","size":77263,"filename":"20120422_447106.jpg","base64_img_data":"","file_attributes":{},"regions":{"0":{"shape_attributes":{"name":"rect","x":33,"y":19,"width":131,"height":375},"region_attributes":{"object_name":"calpis water"}}}},"20131201_arimura_08.png535420":{"fileref":"","size":535420,"filename":"20131201_arimura_08.png","base64_img_data":"","file_attributes":{},"regions":{"0":{"shape_attributes":{"name":"rect","x":25,"y":106,"width":272,"height":281},"region_attributes":{"object_name":"calpis water"}}}},"20140720-IMG_25081-1038x692 (1).jpg331874":{"fileref":"","size":331874,"filename":"20140720-IMG_25081-1038x692 (1).jpg","base64_img_data":"","file_attributes":{},"regions":{"0":{"shape_attributes":{"name":"polygon","all_points_x":[90,94,43,28,87,133,255,296,305,286,271,197,176,90],"all_points_y":[81,150,210,251,648,689,690,658,621,398,199,148,68,81]},"region_attributes":{"object_name":"calpis water"}},"1":{"shape_attributes":{"name":"polygon","all_points_x":[429,424,376,352,358,559,586,567,518,515,474,429],"all_points_y":[88,161,203,247,679,686,266,199,164,98,81,88]},"region_attributes":{"object_name":"calpis water"}},"2":{"shape_attributes":{"name":"polygon","all_points_x":[664,655,600,566,558,800,832,774,757,759,725,664],"all_points_y":[167,237,280,330,639,639,336,254,234,170,147,167]},"region_attributes":{"object_name":"calpis water"}},"3":{"shape_attributes":{"name":"polygon","all_points_x":[185,132,166,267,279,308,345,341,267,185],"all_points_y":[1,60,154,247,503,507,478,65,1,1]},"region_attributes":{"object_name":"calpis water"}},"4":{"shape_attributes":{"name":"polygon","all_points_x":[486,480,413,410,534,567,573,629,639,622,571,566,486],"all_points_y":[0,49,129,177,202,244,305,279,147,102,53,1,0]},"region_attributes":{"object_name":"calpis water"}},"5":{"shape_attributes":{"name":"polygon","all_points_x":[762,754,712,740,819,794,844,906,893,847,847,811,762],"all_points_y":[59,122,152,246,335,567,566,226,176,130,59,47,59]},"region_attributes":{"object_name":"calpis water"}},"6":{"shape_attributes":{"name":"polygon","all_points_x":[971,904,869,830,973,971],"all_points_y":[228,272,314,562,567,228]},"region_attributes":{"object_name":"calpis water"}}}},"20140720-IMG_25081-1038x692.jpg331874":{"fileref":"","size":331874,"filename":"20140720-IMG_25081-1038x692.jpg","base64_img_data":"","file_attributes":{},"regions":{"0":{"shape_attributes":{"name":"rect","x":26,"y":71,"width":282,"height":617},"region_attributes":{"object_name":"calpis water"}},"1":{"shape_attributes":{"name":"rect","x":352,"y":85,"width":222,"height":605},"region_attributes":{"object_name":"calpis water"}},"2":{"shape_attributes":{"name":"rect","x":552,"y":158,"width":292,"height":487},"region_attributes":{"object_name":"calpis water"}},"3":{"shape_attributes":{"name":"rect","x":866,"y":159,"width":125,"height":440},"region_attributes":{"object_name":"calpis water"}}}},"a96dba19.jpg143488":{"fileref":"","size":143488,"filename":"a96dba19.jpg","base64_img_data":"","file_attributes":{},"regions":{"0":{"shape_attributes":{"name":"polygon","all_points_x":[626,569,477,166,477,589,615,675,626],"all_points_y":[624,657,663,862,868,804,733,693,624]},"region_attributes":{"object_name":"calpis water"}}}},"a1247_756_8a553cfa_a73e697c.jpg77010":{"fileref":"","size":77010,"filename":"a1247_756_8a553cfa_a73e697c.jpg","base64_img_data":"","file_attributes":{},"regions":{"0":{"shape_attributes":{"name":"polygon","all_points_x":[473,465,441,413,419,476,506,532,515,520,473],"all_points_y":[27,69,94,283,306,322,313,113,75,34,27]},"region_attributes":{"object_name":"calpis water"}}}},"b3bce262-ebb0-4665-b0b0-c614ffc173ea.jpg46290":{"fileref":"","size":46290,"filename":"b3bce262-ebb0-4665-b0b0-c614ffc173ea.jpg","base64_img_data":"","file_attributes":{},"regions":{"0":{"shape_attributes":{"name":"rect","x":130,"y":0,"width":158,"height":346},"region_attributes":{"object_name":"calpis water"}},"1":{"shape_attributes":{"name":"rect","x":332,"y":1,"width":152,"height":311},"region_attributes":{"object_name":"calpis water"}}}},"calpis8.jpg27811":{"fileref":"","size":27811,"filename":"calpis8.jpg","base64_img_data":"","file_attributes":{},"regions":{"0":{"shape_attributes":{"name":"polygon","all_points_x":[88,77,35,10,139,168,147,156,136,88],"all_points_y":[4,53,93,210,210,119,69,19,6,4]},"region_attributes":{"object_name":"calpis water"}},"1":{"shape_attributes":{"name":"polygon","all_points_x":[147,135,133,233,219,224,250,242,147],"all_points_y":[2,16,204,209,118,55,25,2,2]},"region_attributes":{"object_name":"calpis water"}},"2":{"shape_attributes":{"name":"polygon","all_points_x":[253,250,225,228,337,340,307,308,253],"all_points_y":[2,29,61,203,208,74,29,2,2]},"region_attributes":{"object_name":"calpis water"}},"3":{"shape_attributes":{"name":"polygon","all_points_x":[392,398,381,408,496,499,485,463,455,392],"all_points_y":[3,48,96,209,207,73,47,28,1,3]},"region_attributes":{"object_name":"calpis water"}}}},"calpis2014.jpg38146":{"fileref":"","size":38146,"filename":"calpis2014.jpg","base64_img_data":"","file_attributes":{},"regions":{"0":{"shape_attributes":{"name":"polygon","all_points_x":[55,58,33,48,172,215,194,139,132,55],"all_points_y":[25,110,176,361,368,302,159,86,17,25]},"region_attributes":{"object_name":"calpis water"}},"1":{"shape_attributes":{"name":"polygon","all_points_x":[201,198,165,165,203,219,298,308,276,281,201],"all_points_y":[2,30,80,118,160,293,161,89,22,1,2]},"region_attributes":{"object_name":"calpis water"}},"2":{"shape_attributes":{"name":"polygon","all_points_x":[406,375,305,177,288,375,441,448,480,474,423,406],"all_points_y":[56,105,150,368,367,322,220,149,96,75,50,56]},"region_attributes":{"object_name":"calpis water"}}}},"calpis2017summer7.jpg17321":{"fileref":"","size":17321,"filename":"calpis2017summer7.jpg","base64_img_data":"","file_attributes":{},"regions":{"0":{"shape_attributes":{"name":"polygon","all_points_x":[120,116,105,100,96,167,164,167,151,153,120],"all_points_y":[85,115,126,146,246,236,185,129,109,82,85]},"region_attributes":{"object_name":"calpis water"}},"1":{"shape_attributes":{"name":"polygon","all_points_x":[214,211,200,201,198,261,260,262,249,247,214],"all_points_y":[57,85,99,156,234,227,164,97,78,53,57]},"region_attributes":{"object_name":"calpis water"}},"2":{"shape_attributes":{"name":"polygon","all_points_x":[280,277,267,272,328,329,315,315,280],"all_points_y":[76,103,124,226,221,114,98,78,76]},"region_attributes":{"object_name":"calpis water"}}}},"CalpisWater.jpg39390":{"fileref":"","size":39390,"filename":"CalpisWater.jpg","base64_img_data":"","file_attributes":{},"regions":{"0":{"shape_attributes":{"name":"polygon","all_points_x":[43,40,16,9,127,125,105,101,43],"all_points_y":[13,69,103,348,352,97,66,16,13]},"region_attributes":{"object_name":"calpis water"}},"1":{"shape_attributes":{"name":"polygon","all_points_x":[159,152,129,129,245,251,249,216,213,159],"all_points_y":[22,71,112,350,351,315,110,65,18,22]},"region_attributes":{"object_name":"calpis water"}}}},"ce8a6f44.jpg88397":{"fileref":"","size":88397,"filename":"ce8a6f44.jpg","base64_img_data":"","file_attributes":{},"regions":{"0":{"shape_attributes":{"name":"polygon","all_points_x":[598,594,561,570,581,699,732,738,694,695,663,598],"all_points_y":[12,101,156,602,614,407,407,170,100,15,6,12]},"region_attributes":{"object_name":"calpis water"}}}},"Cl7R5j8UYAIrLS7.jpg85187":{"fileref":"","size":85187,"filename":"Cl7R5j8UYAIrLS7.jpg","base64_img_data":"","file_attributes":{},"regions":{"0":{"shape_attributes":{"name":"polygon","all_points_x":[910,880,822,703,712,824,847,969,959,987,910],"all_points_y":[63,132,188,498,513,561,550,247,163,95,63]},"region_attributes":{"object_name":"calpis water"}}}},"CxPAAFGUoAA_5Ul.jpg99262":{"fileref":"","size":99262,"filename":"CxPAAFGUoAA_5Ul.jpg","base64_img_data":"","file_attributes":{},"regions":{"0":{"shape_attributes":{"name":"polygon","all_points_x":[234,239,219,212,255,475,399,339,316,272,234],"all_points_y":[196,269,318,377,670,668,312,255,181,174,196]},"region_attributes":{"object_name":"calpis water"}}}},"f555ead1.jpg123628":{"fileref":"","size":123628,"filename":"f555ead1.jpg","base64_img_data":"","file_attributes":{},"regions":{"0":{"shape_attributes":{"name":"polygon","all_points_x":[247,243,222,223,235,290,308,302,315,299,297,247],"all_points_y":[5,51,83,256,288,296,284,94,68,43,3,5]},"region_attributes":{"object_name":"calpis water"}},"1":{"shape_attributes":{"name":"polygon","all_points_x":[326,325,304,310,320,346,390,405,406,380,377,326],"all_points_y":[7,54,93,287,299,305,299,262,99,48,4,7]},"region_attributes":{"object_name":"calpis water"}}}},"ff1.jpg7064":{"fileref":"","size":7064,"filename":"ff1.jpg","base64_img_data":"","file_attributes":{},"regions":{"0":{"shape_attributes":{"name":"rect","x":6,"y":34,"width":60,"height":187},"region_attributes":{"object_name":"calpis water"}},"1":{"shape_attributes":{"name":"rect","x":60,"y":35,"width":53,"height":185},"region_attributes":{"object_name":"calpis water"}},"2":{"shape_attributes":{"name":"rect","x":111,"y":36,"width":53,"height":181},"region_attributes":{"object_name":"calpis water"}},"3":{"shape_attributes":{"name":"rect","x":160,"y":38,"width":57,"height":179},"region_attributes":{"object_name":"calpis water"}}}},"ff2.jpeg11727":{"fileref":"","size":11727,"filename":"ff2.jpeg","base64_img_data":"","file_attributes":{},"regions":{"0":{"shape_attributes":{"name":"rect","x":75,"y":12,"width":110,"height":301},"region_attributes":{"object_name":"calpis water"}}}},"image.jpg118129":{"fileref":"","size":118129,"filename":"image.jpg","base64_img_data":"","file_attributes":{},"regions":{"0":{"shape_attributes":{"name":"polygon","all_points_x":[513,474,426,290,293,311,362,487,503,535,513],"all_points_y":[287,311,312,404,427,457,456,381,352,326,287]},"region_attributes":{"object_name":"calpis water"}}}},"img_1_m.jpg130213":{"fileref":"","size":130213,"filename":"img_1_m.jpg","base64_img_data":"","file_attributes":{},"regions":{"0":{"shape_attributes":{"name":"rect","x":421,"y":56,"width":125,"height":304},"region_attributes":{"object_name":"calpis water"}},"1":{"shape_attributes":{"name":"rect","x":13,"y":125,"width":152,"height":285},"region_attributes":{"object_name":"calpis water"}},"2":{"shape_attributes":{"name":"rect","x":158,"y":114,"width":147,"height":290},"region_attributes":{"object_name":"calpis water"}},"3":{"shape_attributes":{"name":"rect","x":302,"y":124,"width":143,"height":286},"region_attributes":{"object_name":"calpis water"}}}},"img_3187.jpg57834":{"fileref":"","size":57834,"filename":"img_3187.jpg","base64_img_data":"","file_attributes":{},"regions":{"0":{"shape_attributes":{"name":"rect","x":170,"y":9,"width":99,"height":353},"region_attributes":{"object_name":"calpis water"}}}},"IMG_3811.JPG164356":{"fileref":"","size":164356,"filename":"IMG_3811.JPG","base64_img_data":"","file_attributes":{},"regions":{"0":{"shape_attributes":{"name":"rect","x":119,"y":88,"width":211,"height":526},"region_attributes":{"object_name":"calpis water"}},"1":{"shape_attributes":{"name":"rect","x":319,"y":65,"width":218,"height":522},"region_attributes":{"object_name":"calpis water"}}}},"IMG_6353.jpg80419":{"fileref":"","size":80419,"filename":"IMG_6353.jpg","base64_img_data":"","file_attributes":{},"regions":{"0":{"shape_attributes":{"name":"polygon","all_points_x":[195,221,213,371,415,546,358,300,269,221,195],"all_points_y":[20,87,143,478,479,405,77,43,0,1,20]},"region_attributes":{"object_name":"calpis water"}}}},"IMG_8810.jpg1515738":{"fileref":"","size":1515738,"filename":"IMG_8810.jpg","base64_img_data":"","file_attributes":{},"regions":{"0":{"shape_attributes":{"name":"rect","x":812,"y":70,"width":1311,"height":3425},"region_attributes":{"object_name":"calpis water"}}}},"index_h1.jpg351267":{"fileref":"","size":351267,"filename":"index_h1.jpg","base64_img_data":"","file_attributes":{},"regions":{"0":{"shape_attributes":{"name":"rect","x":193,"y":173,"width":117,"height":330},"region_attributes":{"object_name":"calpis water"}}}},"karupis.jpg16961":{"fileref":"","size":16961,"filename":"karupis.jpg","base64_img_data":"","file_attributes":{},"regions":{"0":{"shape_attributes":{"name":"rect","x":298,"y":20,"width":79,"height":207},"region_attributes":{"object_name":"calpis water"}}}},"karupisu_01.jpg26031":{"fileref":"","size":26031,"filename":"karupisu_01.jpg","base64_img_data":"","file_attributes":{},"regions":{"0":{"shape_attributes":{"name":"rect","x":105,"y":4,"width":257,"height":605},"region_attributes":{"object_name":"calpis water"}}}},"kurosima.jpg45028":{"fileref":"","size":45028,"filename":"kurosima.jpg","base64_img_data":"","file_attributes":{},"regions":{"0":{"shape_attributes":{"name":"polygon","all_points_x":[271,293,313,405,517,526,375,336,306,271],"all_points_y":[228,260,325,419,421,404,240,222,193,228]},"region_attributes":{"object_name":"calpis water"}}}},"L_3140453F4B914E82AFA14FFD0A965528.jpg58628":{"fileref":"","size":58628,"filename":"L_3140453F4B914E82AFA14FFD0A965528.jpg","base64_img_data":"","file_attributes":{},"regions":{"0":{"shape_attributes":{"name":"rect","x":149,"y":7,"width":77,"height":255},"region_attributes":{"object_name":"calpis water"}},"1":{"shape_attributes":{"name":"rect","x":99,"y":21,"width":48,"height":235},"region_attributes":{"object_name":"calpis water"}},"2":{"shape_attributes":{"name":"rect","x":64,"y":42,"width":44,"height":205},"region_attributes":{"object_name":"calpis water"}},"3":{"shape_attributes":{"name":"rect","x":232,"y":9,"width":76,"height":255},"region_attributes":{"object_name":"calpis water"}},"4":{"shape_attributes":{"name":"rect","x":311,"y":23,"width":52,"height":233},"region_attributes":{"object_name":"calpis water"}},"5":{"shape_attributes":{"name":"rect","x":352,"y":38,"width":56,"height":203},"region_attributes":{"object_name":"calpis water"}}}},"m_calpiswater1.jpg66032":{"fileref":"","size":66032,"filename":"m_calpiswater1.jpg","base64_img_data":"","file_attributes":{},"regions":{"0":{"shape_attributes":{"name":"polygon","all_points_x":[240,220,200,169,236,263,266,271,240],"all_points_y":[160,188,205,282,283,224,197,174,160]},"region_attributes":{"object_name":"calpis water"}}}},"m_calpis-water20-7d951.JPG101679":{"fileref":"","size":101679,"filename":"m_calpis-water20-7d951.JPG","base64_img_data":"","file_attributes":{},"regions":{"0":{"shape_attributes":{"name":"rect","x":167,"y":160,"width":80,"height":152},"region_attributes":{"object_name":"calpis water"}}}},"m_calpis-water21-38bbe.JPG90096":{"fileref":"","size":90096,"filename":"m_calpis-water21-38bbe.JPG","base64_img_data":"","file_attributes":{},"regions":{"0":{"shape_attributes":{"name":"rect","x":186,"y":149,"width":76,"height":162},"region_attributes":{"object_name":"calpis water"}}}},"maxresdefault (1).jpg66398":{"fileref":"","size":66398,"filename":"maxresdefault (1).jpg","base64_img_data":"","file_attributes":{},"regions":{"0":{"shape_attributes":{"name":"polygon","all_points_x":[534,554,508,588,889,800,710,681,534],"all_points_y":[23,175,302,713,711,242,130,10,23]},"region_attributes":{"object_name":"calpis water"}},"1":{"shape_attributes":{"name":"polygon","all_points_x":[831,843,817,895,1173,1063,988,966,908,831],"all_points_y":[139,254,314,715,716,272,213,121,103,139]},"region_attributes":{"object_name":"calpis water"}}}},"maxresdefault (2).jpg66398":{"fileref":"","size":66398,"filename":"maxresdefault (2).jpg","base64_img_data":"","file_attributes":{},"regions":{"0":{"shape_attributes":{"name":"polygon","all_points_x":[540,559,506,591,887,796,708,682,540],"all_points_y":[31,170,318,713,716,242,143,9,31]},"region_attributes":{"object_name":"calpis water"}},"1":{"shape_attributes":{"name":"polygon","all_points_x":[865,836,846,814,814,892,1173,1061,993,966,865],"all_points_y":[116,150,252,300,329,718,718,267,209,117,116]},"region_attributes":{"object_name":"calpis water"}}}},"maxresdefault (3).jpg195108":{"fileref":"","size":195108,"filename":"maxresdefault (3).jpg","base64_img_data":"","file_attributes":{},"regions":{"0":{"shape_attributes":{"name":"rect","x":231,"y":554,"width":185,"height":519},"region_attributes":{"object_name":"calpis water"}},"1":{"shape_attributes":{"name":"rect","x":419,"y":539,"width":247,"height":534},"region_attributes":{"object_name":"calpis water"}},"2":{"shape_attributes":{"name":"rect","x":1713,"y":565,"width":120,"height":500},"region_attributes":{"object_name":"calpis water"}}}},"maxresdefault (4).jpg54643":{"fileref":"","size":54643,"filename":"maxresdefault (4).jpg","base64_img_data":"","file_attributes":{},"regions":{"0":{"shape_attributes":{"name":"rect","x":575,"y":601,"width":68,"height":116},"region_attributes":{"object_name":"calpis water"}}}},"maxresdefault.jpg83344":{"fileref":"","size":83344,"filename":"maxresdefault.jpg","base64_img_data":"","file_attributes":{},"regions":{"0":{"shape_attributes":{"name":"rect","x":380,"y":220,"width":322,"height":113},"region_attributes":{"object_name":"calpis water"}},"1":{"shape_attributes":{"name":"rect","x":58,"y":473,"width":188,"height":90},"region_attributes":{"object_name":"calpis water"}},"2":{"shape_attributes":{"name":"rect","x":1003,"y":356,"width":187,"height":97},"region_attributes":{"object_name":"calpis water"}}}},"mei_nagano-calpiswater-cm2017.jpg210424":{"fileref":"","size":210424,"filename":"mei_nagano-calpiswater-cm2017.jpg","base64_img_data":"","file_attributes":{},"regions":{"0":{"shape_attributes":{"name":"rect","x":548,"y":185,"width":186,"height":364},"region_attributes":{"object_name":"calpis water"}}}},"parts_img_reduction.jpg187707":{"fileref":"","size":187707,"filename":"parts_img_reduction.jpg","base64_img_data":"","file_attributes":{},"regions":{"0":{"shape_attributes":{"name":"rect","x":126,"y":115,"width":67,"height":210},"region_attributes":{"object_name":"calpis water"}}}},"resize_image (1).jpg339389":{"fileref":"","size":339389,"filename":"resize_image (1).jpg","base64_img_data":"","file_attributes":{},"regions":{"0":{"shape_attributes":{"name":"rect","x":2,"y":1,"width":195,"height":410},"region_attributes":{"object_name":"calpis water"}},"1":{"shape_attributes":{"name":"rect","x":273,"y":1,"width":213,"height":417},"region_attributes":{"object_name":"calpis water"}},"2":{"shape_attributes":{"name":"rect","x":533,"y":6,"width":215,"height":413},"region_attributes":{"object_name":"calpis water"}}}},"resize_image.jpg339389":{"fileref":"","size":339389,"filename":"resize_image.jpg","base64_img_data":"","file_attributes":{},"regions":{"0":{"shape_attributes":{"name":"rect","x":261,"y":3,"width":233,"height":416},"region_attributes":{"object_name":"calpis water"}},"1":{"shape_attributes":{"name":"rect","x":0,"y":0,"width":198,"height":378},"region_attributes":{"object_name":"calpis water"}},"2":{"shape_attributes":{"name":"rect","x":531,"y":2,"width":217,"height":418},"region_attributes":{"object_name":"calpis water"}}}},"Rocketnews24_210829 (1).jpg106477":{"fileref":"","size":106477,"filename":"Rocketnews24_210829 (1).jpg","base64_img_data":"","file_attributes":{},"regions":{"0":{"shape_attributes":{"name":"rect","x":163,"y":7,"width":128,"height":414},"region_attributes":{"object_name":"calpis water"}},"1":{"shape_attributes":{"name":"rect","x":292,"y":14,"width":126,"height":405},"region_attributes":{"object_name":"calpis water"}}}},"Rocketnews24_210829.jpg106477":{"fileref":"","size":106477,"filename":"Rocketnews24_210829.jpg","base64_img_data":"","file_attributes":{},"regions":{"0":{"shape_attributes":{"name":"rect","x":158,"y":14,"width":131,"height":406},"region_attributes":{"object_name":"calpis water"}},"1":{"shape_attributes":{"name":"rect","x":290,"y":11,"width":128,"height":405},"region_attributes":{"object_name":"calpis water"}}}},"top_pickup_03.jpg135508":{"fileref":"","size":135508,"filename":"top_pickup_03.jpg","base64_img_data":"","file_attributes":{},"regions":{"0":{"shape_attributes":{"name":"rect","x":286,"y":17,"width":61,"height":264},"region_attributes":{"object_name":"calpis water"}},"1":{"shape_attributes":{"name":"rect","x":351,"y":2,"width":83,"height":278},"region_attributes":{"object_name":"calpis water"}}}},"trend_20170317144027-thumb-645xauto-108082.jpg48981":{"fileref":"","size":48981,"filename":"trend_20170317144027-thumb-645xauto-108082.jpg","base64_img_data":"","file_attributes":{},"regions":{"0":{"shape_attributes":{"name":"rect","x":165,"y":114,"width":241,"height":99},"region_attributes":{"object_name":"calpis water"}}}}}