{"np_train (8).jpg124031":{"fileref":"","size":124031,"filename":"np_train (8).jpg","base64_img_data":"","file_attributes":{},"regions":{"0":{"shape_attributes":{"name":"polygon","all_points_x":[394,370,699,714,394],"all_points_y":[270,440,490,270,270]},"region_attributes":{"object_name":"Number Plate"}}}},"np_train (19).jpg116374":{"fileref":"","size":116374,"filename":"np_train (19).jpg","base64_img_data":"","file_attributes":{},"regions":{"0":{"shape_attributes":{"name":"polygon","all_points_x":[302,303,477,478,302],"all_points_y":[406,493,495,405,406]},"region_attributes":{"object_name":"Number Plate"}}}},"np_train (20).jpg116374":{"fileref":"","size":116374,"filename":"np_train (20).jpg","base64_img_data":"","file_attributes":{},"regions":{"0":{"shape_attributes":{"name":"polygon","all_points_x":[302,301,480,480,302],"all_points_y":[406,495,495,407,406]},"region_attributes":{"object_name":"Number Plate"}}}},"np_train (21).jpg116374":{"fileref":"","size":116374,"filename":"np_train (21).jpg","base64_img_data":"","file_attributes":{},"regions":{"0":{"shape_attributes":{"name":"polygon","all_points_x":[301,302,481,481,301],"all_points_y":[404,493,493,406,404]},"region_attributes":{"object_name":"Number Plate"}}}},"np_train (35).jpg118232":{"fileref":"","size":118232,"filename":"np_train (35).jpg","base64_img_data":"","file_attributes":{},"regions":{"0":{"shape_attributes":{"name":"polygon","all_points_x":[328,330,430,431,328],"all_points_y":[365,417,416,365,365]},"region_attributes":{"object_name":"Number Plate"}}}},"np_train (38).jpg116127":{"fileref":"","size":116127,"filename":"np_train (38).jpg","base64_img_data":"","file_attributes":{},"regions":{"0":{"shape_attributes":{"name":"polygon","all_points_x":[345,346,456,455,345],"all_points_y":[383,441,437,381,383]},"region_attributes":{"object_name":"Number Plate"}}}},"np_train (45).jpg137197":{"fileref":"","size":137197,"filename":"np_train (45).jpg","base64_img_data":"","file_attributes":{},"regions":{"0":{"shape_attributes":{"name":"polygon","all_points_x":[174,176,231,231,174],"all_points_y":[366,409,428,385,366]},"region_attributes":{"object_name":"Number Plate"}},"1":{"shape_attributes":{"name":"polygon","all_points_x":[639,665,663,638,639],"all_points_y":[231,236,252,250,231]},"region_attributes":{"object_name":"Number Plate"}}}},"np_train (46).jpg127234":{"fileref":"","size":127234,"filename":"np_train (46).jpg","base64_img_data":"","file_attributes":{},"regions":{"0":{"shape_attributes":{"name":"polygon","all_points_x":[440,522,524,441,440],"all_points_y":[499,467,519,559,499]},"region_attributes":{"object_name":"Number Plate"}}}},"np_train (49).jpg121206":{"fileref":"","size":121206,"filename":"np_train (49).jpg","base64_img_data":"","file_attributes":{},"regions":{"0":{"shape_attributes":{"name":"polygon","all_points_x":[676,702,714,688,676],"all_points_y":[273,262,306,323,273]},"region_attributes":{"object_name":"Number Plate"}}}},"np_train (51).jpg118953":{"fileref":"","size":118953,"filename":"np_train (51).jpg","base64_img_data":"","file_attributes":{},"regions":{"0":{"shape_attributes":{"name":"polygon","all_points_x":[420,451,441,410,420],"all_points_y":[506,509,535,536,506]},"region_attributes":{"object_name":"Number Plate"}}}},"np_train (52).jpg132990":{"fileref":"","size":132990,"filename":"np_train (52).jpg","base64_img_data":"","file_attributes":{},"regions":{"0":{"shape_attributes":{"name":"polygon","all_points_x":[16,64,65,19,16],"all_points_y":[449,482,535,501,449]},"region_attributes":{"object_name":"Number Plate"}}}},"np_train (57).jpg148090":{"fileref":"","size":148090,"filename":"np_train (57).jpg","base64_img_data":"","file_attributes":{},"regions":{"0":{"shape_attributes":{"name":"polygon","all_points_x":[0,39,43,0,0],"all_points_y":[379,407,460,426,379]},"region_attributes":{"object_name":"Number Plate"}}}},"np_train (61).jpg145810":{"fileref":"","size":145810,"filename":"np_train (61).jpg","base64_img_data":"","file_attributes":{},"regions":{"0":{"shape_attributes":{"name":"polygon","all_points_x":[540,582,582,542,540],"all_points_y":[353,351,373,380,353]},"region_attributes":{"object_name":"Number Plate"}}}},"np_train (64).jpg146066":{"fileref":"","size":146066,"filename":"np_train (64).jpg","base64_img_data":"","file_attributes":{},"regions":{"0":{"shape_attributes":{"name":"polygon","all_points_x":[165,234,245,169,165],"all_points_y":[422,427,464,461,422]},"region_attributes":{"object_name":"Number Plate"}}}},"np_train (65).jpg125499":{"fileref":"","size":125499,"filename":"np_train (65).jpg","base64_img_data":"","file_attributes":{},"regions":{"0":{"shape_attributes":{"name":"polygon","all_points_x":[219,263,263,222,219],"all_points_y":[464,461,487,492,464]},"region_attributes":{"object_name":"Number Plate"}},"1":{"shape_attributes":{"name":"polygon","all_points_x":[381,421,429,387,381],"all_points_y":[427,425,443,446,427]},"region_attributes":{"object_name":"Number Plate"}},"2":{"shape_attributes":{"name":"polygon","all_points_x":[293,320,322,296,293],"all_points_y":[408,406,419,423,408]},"region_attributes":{"object_name":"Number Plate"}}}},"np_train (66).jpg253747":{"fileref":"","size":253747,"filename":"np_train (66).jpg","base64_img_data":"","file_attributes":{},"regions":{"0":{"shape_attributes":{"name":"polygon","all_points_x":[529,579,579,530,529],"all_points_y":[345,346,370,372,345]},"region_attributes":{"object_name":"Number Plate"}}}},"np_train (68).jpg155514":{"fileref":"","size":155514,"filename":"np_train (68).jpg","base64_img_data":"","file_attributes":{},"regions":{"0":{"shape_attributes":{"name":"polygon","all_points_x":[343,407,401,337,343],"all_points_y":[443,446,479,476,443]},"region_attributes":{"object_name":"Number Plate"}}}},"np_train (69).jpg152853":{"fileref":"","size":152853,"filename":"np_train (69).jpg","base64_img_data":"","file_attributes":{},"regions":{"0":{"shape_attributes":{"name":"polygon","all_points_x":[533,569,567,532,533],"all_points_y":[342,341,368,370,342]},"region_attributes":{"object_name":"Number Plate"}}}},"np_train (70).jpg127079":{"fileref":"","size":127079,"filename":"np_train (70).jpg","base64_img_data":"","file_attributes":{},"regions":{"0":{"shape_attributes":{"name":"polygon","all_points_x":[171,464,455,178,171],"all_points_y":[185,217,387,341,185]},"region_attributes":{"object_name":"Number Plate"}}}},"np_train (74).jpg137815":{"fileref":"","size":137815,"filename":"np_train (74).jpg","base64_img_data":"","file_attributes":{},"regions":{"0":{"shape_attributes":{"name":"polygon","all_points_x":[447,483,491,459,447],"all_points_y":[181,179,233,234,181]},"region_attributes":{"object_name":"Number Plate"}}}},"np_train (78).jpg118593":{"fileref":"","size":118593,"filename":"np_train (78).jpg","base64_img_data":"","file_attributes":{},"regions":{"0":{"shape_attributes":{"name":"polygon","all_points_x":[510,554,591,541,510],"all_points_y":[57,34,80,108,57]},"region_attributes":{"object_name":"Number Plate"}}}},"np_train (79).jpg142477":{"fileref":"","size":142477,"filename":"np_train (79).jpg","base64_img_data":"","file_attributes":{},"regions":{"0":{"shape_attributes":{"name":"polygon","all_points_x":[547,605,618,561,547],"all_points_y":[391,370,405,429,391]},"region_attributes":{"object_name":"Number Plate"}}}},"np_train (80).jpg165740":{"fileref":"","size":165740,"filename":"np_train (80).jpg","base64_img_data":"","file_attributes":{},"regions":{"0":{"shape_attributes":{"name":"polygon","all_points_x":[513,572,585,531,513],"all_points_y":[421,422,484,482,421]},"region_attributes":{"object_name":"Number Plate"}}}},"np_train (81).jpg130116":{"fileref":"","size":130116,"filename":"np_train (81).jpg","base64_img_data":"","file_attributes":{},"regions":{"0":{"shape_attributes":{"name":"polygon","all_points_x":[426,469,496,454,426],"all_points_y":[441,405,451,490,441]},"region_attributes":{"object_name":"Number Plate"}}}},"np_train (82).jpg259960":{"fileref":"","size":259960,"filename":"np_train (82).jpg","base64_img_data":"","file_attributes":{},"regions":{"0":{"shape_attributes":{"name":"polygon","all_points_x":[383,403,427,409,383],"all_points_y":[282,270,300,313,282]},"region_attributes":{"object_name":"Number Plate"}}}},"np_train (83).jpg177217":{"fileref":"","size":177217,"filename":"np_train (83).jpg","base64_img_data":"","file_attributes":{},"regions":{"0":{"shape_attributes":{"name":"polygon","all_points_x":[467,529,545,483,467],"all_points_y":[277,279,410,399,277]},"region_attributes":{"object_name":"Number Plate"}}}},"np_train (84).jpg122016":{"fileref":"","size":122016,"filename":"np_train (84).jpg","base64_img_data":"","file_attributes":{},"regions":{"0":{"shape_attributes":{"name":"polygon","all_points_x":[556,645,650,566,556],"all_points_y":[450,426,483,512,450]},"region_attributes":{"object_name":"Number Plate"}}}},"np_train (85).jpg125834":{"fileref":"","size":125834,"filename":"np_train (85).jpg","base64_img_data":"","file_attributes":{},"regions":{"0":{"shape_attributes":{"name":"polygon","all_points_x":[165,225,221,164,165],"all_points_y":[377,395,439,421,377]},"region_attributes":{"object_name":"Number Plate"}}}},"np_train (87).jpg162065":{"fileref":"","size":162065,"filename":"np_train (87).jpg","base64_img_data":"","file_attributes":{},"regions":{"0":{"shape_attributes":{"name":"polygon","all_points_x":[135,161,163,136,135],"all_points_y":[283,285,322,320,283]},"region_attributes":{"object_name":"Number Plate"}}}},"np_train (88).jpg162381":{"fileref":"","size":162381,"filename":"np_train (88).jpg","base64_img_data":"","file_attributes":{},"regions":{"0":{"shape_attributes":{"name":"polygon","all_points_x":[136,163,163,136,136],"all_points_y":[286,287,323,319,286]},"region_attributes":{"object_name":"Number Plate"}}}},"np_train (89).jpg185059":{"fileref":"","size":185059,"filename":"np_train (89).jpg","base64_img_data":"","file_attributes":{},"regions":{"0":{"shape_attributes":{"name":"polygon","all_points_x":[451,500,502,457,451],"all_points_y":[305,304,334,336,305]},"region_attributes":{"object_name":"Number Plate"}}}},"np_train (90).jpg130122":{"fileref":"","size":130122,"filename":"np_train (90).jpg","base64_img_data":"","file_attributes":{},"regions":{"0":{"shape_attributes":{"name":"polygon","all_points_x":[384,419,431,400,384],"all_points_y":[166,154,197,210,166]},"region_attributes":{"object_name":"Number Plate"}}}},"np_train (91).jpg123650":{"fileref":"","size":123650,"filename":"np_train (91).jpg","base64_img_data":"","file_attributes":{},"regions":{"0":{"shape_attributes":{"name":"polygon","all_points_x":[690,726,728,694,690],"all_points_y":[331,326,345,350,331]},"region_attributes":{"object_name":"Number Plate"}},"1":{"shape_attributes":{"name":"polygon","all_points_x":[527,554,553,529,527],"all_points_y":[342,341,357,359,342]},"region_attributes":{"object_name":"Number Plate"}},"2":{"shape_attributes":{"name":"polygon","all_points_x":[416,440,440,424,416],"all_points_y":[305,299,314,318,305]},"region_attributes":{"object_name":"Number Plate"}}}},"np_train (92).jpg190075":{"fileref":"","size":190075,"filename":"np_train (92).jpg","base64_img_data":"","file_attributes":{},"regions":{"0":{"shape_attributes":{"name":"polygon","all_points_x":[62,108,104,63,62],"all_points_y":[350,358,394,385,350]},"region_attributes":{"object_name":"Number Plate"}},"1":{"shape_attributes":{"name":"polygon","all_points_x":[686,723,721,685,686],"all_points_y":[401,408,428,422,401]},"region_attributes":{"object_name":"Number Plate"}}}},"np_train (95).jpg130740":{"fileref":"","size":130740,"filename":"np_train (95).jpg","base64_img_data":"","file_attributes":{},"regions":{"0":{"shape_attributes":{"name":"polygon","all_points_x":[93,56,85,127,93],"all_points_y":[138,196,234,170,138]},"region_attributes":{"object_name":"Number Plate"}}}},"np_train (97).jpg130616":{"fileref":"","size":130616,"filename":"np_train (97).jpg","base64_img_data":"","file_attributes":{},"regions":{"0":{"shape_attributes":{"name":"polygon","all_points_x":[238,282,281,238,238],"all_points_y":[328,332,361,359,328]},"region_attributes":{"object_name":"Number Plate"}}}},"np_train (100).jpg122014":{"fileref":"","size":122014,"filename":"np_train (100).jpg","base64_img_data":"","file_attributes":{},"regions":{"0":{"shape_attributes":{"name":"polygon","all_points_x":[394,441,442,398,394],"all_points_y":[487,482,507,514,487]},"region_attributes":{"object_name":"Number Plate"}}}},"np_train (101).jpg166112":{"fileref":"","size":166112,"filename":"np_train (101).jpg","base64_img_data":"","file_attributes":{},"regions":{"0":{"shape_attributes":{"name":"polygon","all_points_x":[330,381,381,387,336,329,330],"all_points_y":[366,369,384,392,392,383,366]},"region_attributes":{"object_name":"Number Plate"}}}},"np_train (102).jpg184554":{"fileref":"","size":184554,"filename":"np_train (102).jpg","base64_img_data":"","file_attributes":{},"regions":{"0":{"shape_attributes":{"name":"polygon","all_points_x":[363,428,431,364,363],"all_points_y":[434,435,473,473,434]},"region_attributes":{"object_name":"Number Plate"}}}},"np_train (103).jpg119384":{"fileref":"","size":119384,"filename":"np_train (103).jpg","base64_img_data":"","file_attributes":{},"regions":{"0":{"shape_attributes":{"name":"polygon","all_points_x":[337,477,478,344,337],"all_points_y":[290,280,317,327,290]},"region_attributes":{"object_name":"Number Plate"}}}},"np_train (104).jpg151344":{"fileref":"","size":151344,"filename":"np_train (104).jpg","base64_img_data":"","file_attributes":{},"regions":{"0":{"shape_attributes":{"name":"polygon","all_points_x":[562,638,642,566,562],"all_points_y":[398,375,429,455,398]},"region_attributes":{"object_name":"Number Plate"}}}},"np_train (105).jpg133009":{"fileref":"","size":133009,"filename":"np_train (105).jpg","base64_img_data":"","file_attributes":{},"regions":{"0":{"shape_attributes":{"name":"polygon","all_points_x":[184,183,272,275,184],"all_points_y":[413,468,497,438,413]},"region_attributes":{"object_name":"Number Plate"}}}},"np_train (107).jpg170024":{"fileref":"","size":170024,"filename":"np_train (107).jpg","base64_img_data":"","file_attributes":{},"regions":{"0":{"shape_attributes":{"name":"polygon","all_points_x":[411,453,446,408,411],"all_points_y":[415,411,476,480,415]},"region_attributes":{"object_name":"Number Plate"}}}},"np_train (111).jpg118912":{"fileref":"","size":118912,"filename":"np_train (111).jpg","base64_img_data":"","file_attributes":{},"regions":{"0":{"shape_attributes":{"name":"polygon","all_points_x":[698,739,728,684,698],"all_points_y":[460,427,475,512,460]},"region_attributes":{"object_name":"Number Plate"}}}},"np_train (121).jpg132662":{"fileref":"","size":132662,"filename":"np_train (121).jpg","base64_img_data":"","file_attributes":{},"regions":{"0":{"shape_attributes":{"name":"polygon","all_points_x":[682,799,781,667,682],"all_points_y":[311,236,292,370,311]},"region_attributes":{"object_name":"Number Plate"}}}}}