{"np_train (8).jpg83389":{"fileref":"","size":83389,"filename":"np_train (8).jpg","base64_img_data":"","file_attributes":{},"regions":{"0":{"shape_attributes":{"name":"polygon","all_points_x":[312,564,573,558,542,302,299,312],"all_points_y":[219,219,237,387,391,354,342,219]},"region_attributes":{"numberplate":"numberplate"}}}},"np_train (19).jpg73951":{"fileref":"","size":73951,"filename":"np_train (19).jpg","base64_img_data":"","file_attributes":{},"regions":{"0":{"shape_attributes":{"name":"polygon","all_points_x":[242,385,384,241,242],"all_points_y":[323,325,394,396,323]},"region_attributes":{"numberplate":"numberplate"}}}},"np_train (20).jpg73951":{"fileref":"","size":73951,"filename":"np_train (20).jpg","base64_img_data":"","file_attributes":{},"regions":{"0":{"shape_attributes":{"name":"polygon","all_points_x":[238,384,383,241,238],"all_points_y":[324,325,395,397,324]},"region_attributes":{"numberplate":"numberplate"}}}},"np_train (21).jpg73951":{"fileref":"","size":73951,"filename":"np_train (21).jpg","base64_img_data":"","file_attributes":{},"regions":{"0":{"shape_attributes":{"name":"polygon","all_points_x":[239,385,384,241,239],"all_points_y":[323,325,396,396,323]},"region_attributes":{"numberplate":"numberplate"}}}},"np_train (35).jpg79676":{"fileref":"","size":79676,"filename":"np_train (35).jpg","base64_img_data":"","file_attributes":{},"regions":{"0":{"shape_attributes":{"name":"polygon","all_points_x":[262,346,347,263,262],"all_points_y":[290,292,335,337,290]},"region_attributes":{"numberplate":"numberplate"}}}},"np_train (38).jpg76681":{"fileref":"","size":76681,"filename":"np_train (38).jpg","base64_img_data":"","file_attributes":{},"regions":{"0":{"shape_attributes":{"name":"polygon","all_points_x":[274,363,365,278,274],"all_points_y":[305,304,350,353,305]},"region_attributes":{"numberplate":"numberplate"}}}},"np_train (45).jpg88567":{"fileref":"","size":88567,"filename":"np_train (45).jpg","base64_img_data":"","file_attributes":{},"regions":{"0":{"shape_attributes":{"name":"polygon","all_points_x":[141,184,184,144,141],"all_points_y":[295,309,341,326,295]},"region_attributes":{"numberplate":"numberplate"}}}},"np_train (46).jpg83539":{"fileref":"","size":83539,"filename":"np_train (46).jpg","base64_img_data":"","file_attributes":{},"regions":{"0":{"shape_attributes":{"name":"polygon","all_points_x":[349,417,417,353,349],"all_points_y":[403,376,416,445,403]},"region_attributes":{"numberplate":"numberplate"}},"1":{"shape_attributes":{"name":"polygon","all_points_x":[567,589,586,567,567],"all_points_y":[230,220,246,256,230]},"region_attributes":{"numberplate":"numberplate"}}}},"np_train (49).jpg75996":{"fileref":"","size":75996,"filename":"np_train (49).jpg","base64_img_data":"","file_attributes":{},"regions":{"0":{"shape_attributes":{"name":"polygon","all_points_x":[544,561,570,551,544],"all_points_y":[219,210,243,257,219]},"region_attributes":{"numberplate":"numberplate"}}}},"np_train (51).jpg74012":{"fileref":"","size":74012,"filename":"np_train (51).jpg","base64_img_data":"","file_attributes":{},"regions":{"0":{"shape_attributes":{"name":"polygon","all_points_x":[336,361,354,329,336],"all_points_y":[407,406,428,427,407]},"region_attributes":{"numberplate":"numberplate"}}}},"np_train (52).jpg84961":{"fileref":"","size":84961,"filename":"np_train (52).jpg","base64_img_data":"","file_attributes":{},"regions":{"0":{"shape_attributes":{"name":"polygon","all_points_x":[13,49,50,15,13],"all_points_y":[362,386,428,400,362]},"region_attributes":{"numberplate":"numberplate"}}}},"np_train (57).jpg91284":{"fileref":"","size":91284,"filename":"np_train (57).jpg","base64_img_data":"","file_attributes":{},"regions":{"0":{"shape_attributes":{"name":"polygon","all_points_x":[1,29,33,1,1],"all_points_y":[304,324,364,340,304]},"region_attributes":{"numberplate":"numberplate"}}}},"np_train (61).jpg90609":{"fileref":"","size":90609,"filename":"np_train (61).jpg","base64_img_data":"","file_attributes":{},"regions":{"0":{"shape_attributes":{"name":"polygon","all_points_x":[432,467,465,434,432],"all_points_y":[285,283,299,303,285]},"region_attributes":{"numberplate":"numberplate"}}}},"np_train (64).jpg92480":{"fileref":"","size":92480,"filename":"np_train (64).jpg","base64_img_data":"","file_attributes":{},"regions":{"0":{"shape_attributes":{"name":"polygon","all_points_x":[132,189,188,196,139,130,132],"all_points_y":[338,344,359,371,369,355,338]},"region_attributes":{"numberplate":"numberplate"}}}},"np_train (65).jpg81239":{"fileref":"","size":81239,"filename":"np_train (65).jpg","base64_img_data":"","file_attributes":{},"regions":{"0":{"shape_attributes":{"name":"polygon","all_points_x":[174,212,211,178,174],"all_points_y":[372,371,388,394,372]},"region_attributes":{"numberplate":"numberplate"}},"1":{"shape_attributes":{"name":"polygon","all_points_x":[304,337,344,313,304],"all_points_y":[341,341,355,358,341]},"region_attributes":{"numberplate":"numberplate"}},"2":{"shape_attributes":{"name":"polygon","all_points_x":[236,254,258,239,236],"all_points_y":[326,325,337,339,326]},"region_attributes":{"numberplate":"numberplate"}}}},"np_train (66).jpg151875":{"fileref":"","size":151875,"filename":"np_train (66).jpg","base64_img_data":"","file_attributes":{},"regions":{"0":{"shape_attributes":{"name":"polygon","all_points_x":[424,464,463,424,424],"all_points_y":[277,276,299,299,277]},"region_attributes":{"numberplate":"numberplate"}}}},"np_train (68).jpg99522":{"fileref":"","size":99522,"filename":"np_train (68).jpg","base64_img_data":"","file_attributes":{},"regions":{"0":{"shape_attributes":{"name":"polygon","all_points_x":[273,326,321,271,273],"all_points_y":[355,358,381,380,355]},"region_attributes":{"numberplate":"numberplate"}}}},"np_train (69).jpg92269":{"fileref":"","size":92269,"filename":"np_train (69).jpg","base64_img_data":"","file_attributes":{},"regions":{"0":{"shape_attributes":{"name":"polygon","all_points_x":[428,455,453,427,428],"all_points_y":[273,273,293,296,273]},"region_attributes":{"numberplate":"numberplate"}}}},"np_train (70).jpg78481":{"fileref":"","size":78481,"filename":"np_train (70).jpg","base64_img_data":"","file_attributes":{},"regions":{"0":{"shape_attributes":{"name":"polygon","all_points_x":[140,370,360,141,140],"all_points_y":[152,175,307,271,152]},"region_attributes":{"numberplate":"numberplate"}}}},"np_train (74).jpg85604":{"fileref":"","size":85604,"filename":"np_train (74).jpg","base64_img_data":"","file_attributes":{},"regions":{"0":{"shape_attributes":{"name":"polygon","all_points_x":[359,388,395,363,359],"all_points_y":[141,142,186,187,141]},"region_attributes":{"numberplate":"numberplate"}}}},"np_train (78).jpg73649":{"fileref":"","size":73649,"filename":"np_train (78).jpg","base64_img_data":"","file_attributes":{},"regions":{"0":{"shape_attributes":{"name":"polygon","all_points_x":[405,446,474,432,405],"all_points_y":[46,26,64,86,46]},"region_attributes":{"numberplate":"numberplate"}}}},"np_train (79).jpg91578":{"fileref":"","size":91578,"filename":"np_train (79).jpg","base64_img_data":"","file_attributes":{},"regions":{"0":{"shape_attributes":{"name":"polygon","all_points_x":[436,483,494,447,436],"all_points_y":[314,296,323,346,314]},"region_attributes":{"numberplate":"numberplate"}}}},"np_train (80).jpg101280":{"fileref":"","size":101280,"filename":"np_train (80).jpg","base64_img_data":"","file_attributes":{},"regions":{"0":{"shape_attributes":{"name":"polygon","all_points_x":[414,459,468,427,414],"all_points_y":[338,337,385,387,338]},"region_attributes":{"numberplate":"numberplate"}}}},"np_train (81).jpg80039":{"fileref":"","size":80039,"filename":"np_train (81).jpg","base64_img_data":"","file_attributes":{},"regions":{"0":{"shape_attributes":{"name":"polygon","all_points_x":[343,377,397,363,343],"all_points_y":[349,325,363,389,349]},"region_attributes":{"numberplate":"numberplate"}}}},"np_train (82).jpg156447":{"fileref":"","size":156447,"filename":"np_train (82).jpg","base64_img_data":"","file_attributes":{},"regions":{"0":{"shape_attributes":{"name":"polygon","all_points_x":[305,320,342,327,305],"all_points_y":[223,214,239,250,223]},"region_attributes":{"numberplate":"numberplate"}}}},"np_train (83).jpg109833":{"fileref":"","size":109833,"filename":"np_train (83).jpg","base64_img_data":"","file_attributes":{},"regions":{"0":{"shape_attributes":{"name":"polygon","all_points_x":[375,424,434,388,375],"all_points_y":[221,222,324,320,221]},"region_attributes":{"numberplate":"numberplate"}}}},"np_train (84).jpg74335":{"fileref":"","size":74335,"filename":"np_train (84).jpg","base64_img_data":"","file_attributes":{},"regions":{"0":{"shape_attributes":{"name":"polygon","all_points_x":[445,516,519,452,445],"all_points_y":[358,342,387,408,358]},"region_attributes":{"numberplate":"numberplate"}}}},"np_train (85).jpg75929":{"fileref":"","size":75929,"filename":"np_train (85).jpg","base64_img_data":"","file_attributes":{},"regions":{"0":{"shape_attributes":{"name":"polygon","all_points_x":[133,183,179,130,133],"all_points_y":[302,316,353,338,302]},"region_attributes":{"numberplate":"numberplate"}}}},"np_train (87).jpg97062":{"fileref":"","size":97062,"filename":"np_train (87).jpg","base64_img_data":"","file_attributes":{},"regions":{"0":{"shape_attributes":{"name":"polygon","all_points_x":[107,129,131,108,107],"all_points_y":[227,229,256,256,227]},"region_attributes":{"numberplate":"numberplate"}}}},"np_train (88).jpg97094":{"fileref":"","size":97094,"filename":"np_train (88).jpg","base64_img_data":"","file_attributes":{},"regions":{"0":{"shape_attributes":{"name":"polygon","all_points_x":[109,129,131,110,109],"all_points_y":[226,229,257,258,226]},"region_attributes":{"numberplate":"numberplate"}}}},"np_train (89).jpg118773":{"fileref":"","size":118773,"filename":"np_train (89).jpg","base64_img_data":"","file_attributes":{},"regions":{"0":{"shape_attributes":{"name":"polygon","all_points_x":[361,399,401,364,361],"all_points_y":[246,243,267,270,246]},"region_attributes":{"numberplate":"numberplate"}}}},"np_train (90).jpg77371":{"fileref":"","size":77371,"filename":"np_train (90).jpg","base64_img_data":"","file_attributes":{},"regions":{"0":{"shape_attributes":{"name":"polygon","all_points_x":[306,334,348,318,306],"all_points_y":[132,120,159,169,132]},"region_attributes":{"numberplate":"numberplate"}}}},"np_train (91).jpg77058":{"fileref":"","size":77058,"filename":"np_train (91).jpg","base64_img_data":"","file_attributes":{},"regions":{"0":{"shape_attributes":{"name":"polygon","all_points_x":[277,291,293,280,277],"all_points_y":[236,234,242,247,236]},"region_attributes":{"numberplate":"numberplate"}},"1":{"shape_attributes":{"name":"polygon","all_points_x":[335,350,352,339,335],"all_points_y":[243,239,250,255,243]},"region_attributes":{"numberplate":"numberplate"}},"2":{"shape_attributes":{"name":"polygon","all_points_x":[425,443,441,424,425],"all_points_y":[273,271,285,287,273]},"region_attributes":{"numberplate":"numberplate"}},"3":{"shape_attributes":{"name":"polygon","all_points_x":[553,579,583,557,553],"all_points_y":[266,262,277,281,266]},"region_attributes":{"numberplate":"numberplate"}}}},"np_train (92).jpg115331":{"fileref":"","size":115331,"filename":"np_train (92).jpg","base64_img_data":"","file_attributes":{},"regions":{"0":{"shape_attributes":{"name":"polygon","all_points_x":[49,87,85,48,49],"all_points_y":[279,286,315,309,279]},"region_attributes":{"numberplate":"numberplate"}},"1":{"shape_attributes":{"name":"polygon","all_points_x":[549,579,577,547,549],"all_points_y":[321,326,343,339,321]},"region_attributes":{"numberplate":"numberplate"}}}},"np_train (95).jpg87778":{"fileref":"","size":87778,"filename":"np_train (95).jpg","base64_img_data":"","file_attributes":{},"regions":{"0":{"shape_attributes":{"name":"polygon","all_points_x":[73,45,68,101,73],"all_points_y":[115,157,186,139,115]},"region_attributes":{"numberplate":"numberplate"}}}},"np_train (97).jpg83050":{"fileref":"","size":83050,"filename":"np_train (97).jpg","base64_img_data":"","file_attributes":{},"regions":{"0":{"shape_attributes":{"name":"polygon","all_points_x":[189,225,227,188,189],"all_points_y":[260,263,289,288,260]},"region_attributes":{"numberplate":"numberplate"}}}},"np_train (101).jpg102744":{"fileref":"","size":102744,"filename":"np_train (101).jpg","base64_img_data":"","file_attributes":{},"regions":{"0":{"shape_attributes":{"name":"polygon","all_points_x":[264,307,310,268,264],"all_points_y":[292,296,315,316,292]},"region_attributes":{"numberplate":"numberplate"}}}},"np_train (102).jpg114789":{"fileref":"","size":114789,"filename":"np_train (102).jpg","base64_img_data":"","file_attributes":{},"regions":{"0":{"shape_attributes":{"name":"polygon","all_points_x":[292,344,343,290,292],"all_points_y":[344,345,380,379,344]},"region_attributes":{"numberplate":"numberplate"}}}},"np_train (103).jpg73747":{"fileref":"","size":73747,"filename":"np_train (103).jpg","base64_img_data":"","file_attributes":{},"regions":{"0":{"shape_attributes":{"name":"polygon","all_points_x":[269,381,383,273,269],"all_points_y":[232,224,253,261,232]},"region_attributes":{"numberplate":"numberplate"}}}},"np_train (104).jpg93965":{"fileref":"","size":93965,"filename":"np_train (104).jpg","base64_img_data":"","file_attributes":{},"regions":{"0":{"shape_attributes":{"name":"polygon","all_points_x":[449,513,513,451,449],"all_points_y":[314,299,345,366,314]},"region_attributes":{"numberplate":"numberplate"}}}},"np_train (105).jpg82828":{"fileref":"","size":82828,"filename":"np_train (105).jpg","base64_img_data":"","file_attributes":{},"regions":{"0":{"shape_attributes":{"name":"polygon","all_points_x":[147,145,218,221,147],"all_points_y":[332,375,397,350,332]},"region_attributes":{"numberplate":"numberplate"}}}},"np_train (107).jpg96520":{"fileref":"","size":96520,"filename":"np_train (107).jpg","base64_img_data":"","file_attributes":{},"regions":{"0":{"shape_attributes":{"name":"polygon","all_points_x":[329,361,357,328,329],"all_points_y":[331,328,383,385,331]},"region_attributes":{"numberplate":"numberplate"}}}},"np_train (121).jpg83961":{"fileref":"","size":83961,"filename":"np_train (121).jpg","base64_img_data":"","file_attributes":{},"regions":{"0":{"shape_attributes":{"name":"polygon","all_points_x":[547,639,625,532,547],"all_points_y":[246,188,237,298,246]},"region_attributes":{"numberplate":"numberplate"}}}}}