{"np_train (1).jpg62242":{"fileref":"","size":62242,"filename":"np_train (1).jpg","base64_img_data":"","file_attributes":{},"regions":{"0":{"shape_attributes":{"name":"polygon","all_points_x":[636,158,166,639,636],"all_points_y":[204,154,401,459,204]},"region_attributes":{"object_name":"Number Plate"}}}},"np_train (2).jpg72989":{"fileref":"","size":72989,"filename":"np_train (2).jpg","base64_img_data":"","file_attributes":{},"regions":{"0":{"shape_attributes":{"name":"polygon","all_points_x":[143,208,546,469,143],"all_points_y":[249,431,356,195,249]},"region_attributes":{"object_name":"Number Plate"}}}},"np_train (3).jpg101585":{"fileref":"","size":101585,"filename":"np_train (3).jpg","base64_img_data":"","file_attributes":{},"regions":{"0":{"shape_attributes":{"name":"polygon","all_points_x":[310,308,545,552,310],"all_points_y":[342,462,475,348,342]},"region_attributes":{"object_name":"Number Plate"}}}},"np_train (4).jpg101585":{"fileref":"","size":101585,"filename":"np_train (4).jpg","base64_img_data":"","file_attributes":{},"regions":{"0":{"shape_attributes":{"name":"polygon","all_points_x":[311,308,545,553,311],"all_points_y":[343,464,476,352,343]},"region_attributes":{"object_name":"Number Plate"}}}},"np_train (5).jpg98683":{"fileref":"","size":98683,"filename":"np_train (5).jpg","base64_img_data":"","file_attributes":{},"regions":{"0":{"shape_attributes":{"name":"polygon","all_points_x":[344,343,457,460,344],"all_points_y":[333,393,396,334,333]},"region_attributes":{"object_name":"Number Plate"}}}},"np_train (6).jpg113404":{"fileref":"","size":113404,"filename":"np_train (6).jpg","base64_img_data":"","file_attributes":{},"regions":{"0":{"shape_attributes":{"name":"polygon","all_points_x":[254,259,554,557,254],"all_points_y":[290,449,445,290,290]},"region_attributes":{"object_name":"Number Plate"}}}},"np_train (7).jpg77880":{"fileref":"","size":77880,"filename":"np_train (7).jpg","base64_img_data":"","file_attributes":{},"regions":{"0":{"shape_attributes":{"name":"polygon","all_points_x":[282,290,557,550,282],"all_points_y":[317,498,471,299,317]},"region_attributes":{"object_name":"Number Plate"}}}},"np_train (8).jpg124031":{"fileref":"","size":124031,"filename":"np_train (8).jpg","base64_img_data":"","file_attributes":{},"regions":{"0":{"shape_attributes":{"name":"polygon","all_points_x":[394,370,699,714,394],"all_points_y":[270,440,490,270,270]},"region_attributes":{"object_name":"Number Plate"}}}},"np_train (9).jpg81984":{"fileref":"","size":81984,"filename":"np_train (9).jpg","base64_img_data":"","file_attributes":{},"regions":{"0":{"shape_attributes":{"name":"polygon","all_points_x":[359,368,562,559,359],"all_points_y":[322,440,413,295,322]},"region_attributes":{"object_name":"Number Plate"}}}},"np_train (10).jpg81984":{"fileref":"","size":81984,"filename":"np_train (10).jpg","base64_img_data":"","file_attributes":{},"regions":{"0":{"shape_attributes":{"name":"polygon","all_points_x":[363,372,555,553,363],"all_points_y":[326,435,407,310,326]},"region_attributes":{"object_name":"Number Plate"}}}},"np_train (11).jpg81682":{"fileref":"","size":81682,"filename":"np_train (11).jpg","base64_img_data":"","file_attributes":{},"regions":{"0":{"shape_attributes":{"name":"polygon","all_points_x":[217,221,415,414,217],"all_points_y":[457,551,552,454,457]},"region_attributes":{"object_name":"Number Plate"}}}},"np_train (12).jpg51366":{"fileref":"","size":51366,"filename":"np_train (12).jpg","base64_img_data":"","file_attributes":{},"regions":{"0":{"shape_attributes":{"name":"polygon","all_points_x":[19,20,782,781,19],"all_points_y":[108,504,496,103,108]},"region_attributes":{"object_name":"Number Plate"}}}},"np_train (13).jpg97033":{"fileref":"","size":97033,"filename":"np_train (13).jpg","base64_img_data":"","file_attributes":{},"regions":{"0":{"shape_attributes":{"name":"polygon","all_points_x":[264,264,447,449,264],"all_points_y":[444,541,536,444,444]},"region_attributes":{"object_name":"Number Plate"}}}},"np_train (14).jpg97007":{"fileref":"","size":97007,"filename":"np_train (14).jpg","base64_img_data":"","file_attributes":{},"regions":{"0":{"shape_attributes":{"name":"polygon","all_points_x":[30,31,73,71,30],"all_points_y":[267,290,286,264,267]},"region_attributes":{"object_name":"Number Plate"}},"1":{"shape_attributes":{"name":"polygon","all_points_x":[301,303,333,332,301],"all_points_y":[240,259,258,239,240]},"region_attributes":{"object_name":"Number Plate"}},"2":{"shape_attributes":{"name":"polygon","all_points_x":[452,453,478,478,452],"all_points_y":[234,252,250,234,234]},"region_attributes":{"object_name":"Number Plate"}},"3":{"shape_attributes":{"name":"polygon","all_points_x":[570,572,653,653,570],"all_points_y":[413,464,492,440,413]},"region_attributes":{"object_name":"Number Plate"}}}},"np_train (15).jpg114338":{"fileref":"","size":114338,"filename":"np_train (15).jpg","base64_img_data":"","file_attributes":{},"regions":{"0":{"shape_attributes":{"name":"polygon","all_points_x":[86,88,111,110,86],"all_points_y":[279,298,299,282,279]},"region_attributes":{"object_name":"Number Plate"}},"1":{"shape_attributes":{"name":"polygon","all_points_x":[184,187,219,218,184],"all_points_y":[303,326,327,303,303]},"region_attributes":{"object_name":"Number Plate"}},"2":{"shape_attributes":{"name":"polygon","all_points_x":[493,495,546,545,493],"all_points_y":[350,382,386,356,350]},"region_attributes":{"object_name":"Number Plate"}}}},"np_train (16).jpg67533":{"fileref":"","size":67533,"filename":"np_train (16).jpg","base64_img_data":"","file_attributes":{},"regions":{"0":{"shape_attributes":{"name":"polygon","all_points_x":[17,24,770,781,17],"all_points_y":[110,494,496,113,110]},"region_attributes":{"object_name":"Number Plate"}}}},"np_train (17).jpg47805":{"fileref":"","size":47805,"filename":"np_train (17).jpg","base64_img_data":"","file_attributes":{},"regions":{"0":{"shape_attributes":{"name":"polygon","all_points_x":[25,17,780,778,25],"all_points_y":[117,490,502,115,117]},"region_attributes":{"object_name":"Number Plate"}}}},"np_train (18).jpg68070":{"fileref":"","size":68070,"filename":"np_train (18).jpg","base64_img_data":"","file_attributes":{},"regions":{"0":{"shape_attributes":{"name":"polygon","all_points_x":[326,319,491,500,326],"all_points_y":[368,472,468,370,368]},"region_attributes":{"object_name":"Number Plate"}}}},"np_train (19).jpg116374":{"fileref":"","size":116374,"filename":"np_train (19).jpg","base64_img_data":"","file_attributes":{},"regions":{"0":{"shape_attributes":{"name":"polygon","all_points_x":[302,303,477,478,302],"all_points_y":[406,493,495,405,406]},"region_attributes":{"object_name":"Number Plate"}}}},"np_train (20).jpg116374":{"fileref":"","size":116374,"filename":"np_train (20).jpg","base64_img_data":"","file_attributes":{},"regions":{"0":{"shape_attributes":{"name":"polygon","all_points_x":[302,301,480,480,302],"all_points_y":[406,495,495,407,406]},"region_attributes":{"object_name":"Number Plate"}}}},"np_train (21).jpg116374":{"fileref":"","size":116374,"filename":"np_train (21).jpg","base64_img_data":"","file_attributes":{},"regions":{"0":{"shape_attributes":{"name":"polygon","all_points_x":[301,302,481,481,301],"all_points_y":[404,493,493,406,404]},"region_attributes":{"object_name":"Number Plate"}}}},"np_train (22).jpg65939":{"fileref":"","size":65939,"filename":"np_train (22).jpg","base64_img_data":"","file_attributes":{},"regions":{"0":{"shape_attributes":{"name":"polygon","all_points_x":[316,308,437,447,316],"all_points_y":[362,443,446,366,362]},"region_attributes":{"object_name":"Number Plate"}},"1":{"shape_attributes":{"name":"polygon","all_points_x":[673,658,774,790,673],"all_points_y":[315,381,385,321,315]},"region_attributes":{"object_name":"Number Plate"}}}},"np_train (23).jpg109381":{"fileref":"","size":109381,"filename":"np_train (23).jpg","base64_img_data":"","file_attributes":{},"regions":{"0":{"shape_attributes":{"name":"polygon","all_points_x":[442,521,533,456,442],"all_points_y":[311,289,329,354,311]},"region_attributes":{"object_name":"Number Plate"}}}},"np_train (24).jpg88135":{"fileref":"","size":88135,"filename":"np_train (24).jpg","base64_img_data":"","file_attributes":{},"regions":{"0":{"shape_attributes":{"name":"polygon","all_points_x":[562,572,649,638,562],"all_points_y":[274,327,309,258,274]},"region_attributes":{"object_name":"Number Plate"}}}},"np_train (25).jpg77777":{"fileref":"","size":77777,"filename":"np_train (25).jpg","base64_img_data":"","file_attributes":{},"regions":{"0":{"shape_attributes":{"name":"polygon","all_points_x":[214,215,314,314,214],"all_points_y":[360,416,421,365,360]},"region_attributes":{"object_name":"Number Plate"}}}},"np_train (26).jpg75009":{"fileref":"","size":75009,"filename":"np_train (26).jpg","base64_img_data":"","file_attributes":{},"regions":{"0":{"shape_attributes":{"name":"polygon","all_points_x":[208,222,482,473,208],"all_points_y":[253,429,500,317,253]},"region_attributes":{"object_name":"Number Plate"}}}},"np_train (27).jpg55727":{"fileref":"","size":55727,"filename":"np_train (27).jpg","base64_img_data":"","file_attributes":{},"regions":{"0":{"shape_attributes":{"name":"polygon","all_points_x":[7,64,613,714,7],"all_points_y":[210,488,407,189,210]},"region_attributes":{"object_name":"Number Plate"}}}},"np_train (28).jpg39351":{"fileref":"","size":39351,"filename":"np_train (28).jpg","base64_img_data":"","file_attributes":{},"regions":{"0":{"shape_attributes":{"name":"polygon","all_points_x":[44,47,760,757,44],"all_points_y":[120,483,480,122,120]},"region_attributes":{"object_name":"Number Plate"}}}},"np_train (29).jpg60311":{"fileref":"","size":60311,"filename":"np_train (29).jpg","base64_img_data":"","file_attributes":{},"regions":{"0":{"shape_attributes":{"name":"polygon","all_points_x":[381,413,631,600,381],"all_points_y":[300,446,414,269,300]},"region_attributes":{"object_name":"Number Plate"}}}},"np_train (30).jpg98155":{"fileref":"","size":98155,"filename":"np_train (30).jpg","base64_img_data":"","file_attributes":{},"regions":{"0":{"shape_attributes":{"name":"polygon","all_points_x":[349,349,453,454,349],"all_points_y":[409,462,463,413,409]},"region_attributes":{"object_name":"Number Plate"}}}},"np_train (31).jpg88864":{"fileref":"","size":88864,"filename":"np_train (31).jpg","base64_img_data":"","file_attributes":{},"regions":{"0":{"shape_attributes":{"name":"polygon","all_points_x":[351,349,566,573,351],"all_points_y":[308,430,417,304,308]},"region_attributes":{"object_name":"Number Plate"}}}},"np_train (32).jpg96618":{"fileref":"","size":96618,"filename":"np_train (32).jpg","base64_img_data":"","file_attributes":{},"regions":{"0":{"shape_attributes":{"name":"polygon","all_points_x":[410,413,489,486,410],"all_points_y":[316,365,358,311,316]},"region_attributes":{"object_name":"Number Plate"}}}},"np_train (33).jpg84507":{"fileref":"","size":84507,"filename":"np_train (33).jpg","base64_img_data":"","file_attributes":{},"regions":{"0":{"shape_attributes":{"name":"polygon","all_points_x":[231,247,583,602,231],"all_points_y":[201,366,405,222,201]},"region_attributes":{"object_name":"Number Plate"}}}},"np_train (34).jpg84507":{"fileref":"","size":84507,"filename":"np_train (34).jpg","base64_img_data":"","file_attributes":{},"regions":{"0":{"shape_attributes":{"name":"polygon","all_points_x":[233,247,581,601,233],"all_points_y":[201,366,405,218,201]},"region_attributes":{"object_name":"Number Plate"}}}},"np_train (35).jpg118232":{"fileref":"","size":118232,"filename":"np_train (35).jpg","base64_img_data":"","file_attributes":{},"regions":{"0":{"shape_attributes":{"name":"polygon","all_points_x":[328,330,430,431,328],"all_points_y":[365,417,416,365,365]},"region_attributes":{"object_name":"Number Plate"}}}},"np_train (36).jpg46897":{"fileref":"","size":46897,"filename":"np_train (36).jpg","base64_img_data":"","file_attributes":{},"regions":{}},"np_train (37).jpg82472":{"fileref":"","size":82472,"filename":"np_train (37).jpg","base64_img_data":"","file_attributes":{},"regions":{}},"np_train (38).jpg116127":{"fileref":"","size":116127,"filename":"np_train (38).jpg","base64_img_data":"","file_attributes":{},"regions":{"0":{"shape_attributes":{"name":"polygon","all_points_x":[345,346,456,455,345],"all_points_y":[383,441,437,381,383]},"region_attributes":{"object_name":"Number Plate"}}}},"np_train (39).jpg95327":{"fileref":"","size":95327,"filename":"np_train (39).jpg","base64_img_data":"","file_attributes":{},"regions":{"0":{"shape_attributes":{"name":"polygon","all_points_x":[336,337,435,436,336],"all_points_y":[343,388,390,346,343]},"region_attributes":{"object_name":"Number Plate"}}}},"np_train (40).jpg120657":{"fileref":"","size":120657,"filename":"np_train (40).jpg","base64_img_data":"","file_attributes":{},"regions":{"0":{"shape_attributes":{"name":"polygon","all_points_x":[361,362,428,428,361],"all_points_y":[344,381,381,344,344]},"region_attributes":{"object_name":"Number Plate"}}}},"np_train (41).jpg55895":{"fileref":"","size":55895,"filename":"np_train (41).jpg","base64_img_data":"","file_attributes":{},"regions":{"0":{"shape_attributes":{"name":"polygon","all_points_x":[58,52,735,740,58],"all_points_y":[111,417,406,95,111]},"region_attributes":{"object_name":"Number Plate"}}}},"np_train (42).jpg63894":{"fileref":"","size":63894,"filename":"np_train (42).jpg","base64_img_data":"","file_attributes":{},"regions":{"0":{"shape_attributes":{"name":"polygon","all_points_x":[303,302,559,562,303],"all_points_y":[237,395,399,244,237]},"region_attributes":{"object_name":"Number Plate"}}}},"np_train (43).jpg77625":{"fileref":"","size":77625,"filename":"np_train (43).jpg","base64_img_data":"","file_attributes":{},"regions":{"0":{"shape_attributes":{"name":"polygon","all_points_x":[341,341,631,634,341],"all_points_y":[224,404,378,231,224]},"region_attributes":{"object_name":"Number Plate"}}}},"np_train (44).jpg89404":{"fileref":"","size":89404,"filename":"np_train (44).jpg","base64_img_data":"","file_attributes":{},"regions":{"0":{"shape_attributes":{"name":"polygon","all_points_x":[307,306,559,558,307],"all_points_y":[242,390,397,244,242]},"region_attributes":{"object_name":"Number Plate"}}}},"np_train (45).jpg137197":{"fileref":"","size":137197,"filename":"np_train (45).jpg","base64_img_data":"","file_attributes":{},"regions":{"0":{"shape_attributes":{"name":"polygon","all_points_x":[174,176,231,231,174],"all_points_y":[366,409,428,385,366]},"region_attributes":{"object_name":"Number Plate"}},"1":{"shape_attributes":{"name":"polygon","all_points_x":[639,665,663,638,639],"all_points_y":[231,236,252,250,231]},"region_attributes":{"object_name":"Number Plate"}}}},"np_train (46).jpg127234":{"fileref":"","size":127234,"filename":"np_train (46).jpg","base64_img_data":"","file_attributes":{},"regions":{"0":{"shape_attributes":{"name":"polygon","all_points_x":[440,522,524,441,440],"all_points_y":[499,467,519,559,499]},"region_attributes":{"object_name":"Number Plate"}}}},"np_train (47).jpg83636":{"fileref":"","size":83636,"filename":"np_train (47).jpg","base64_img_data":"","file_attributes":{},"regions":{"0":{"shape_attributes":{"name":"polygon","all_points_x":[438,431,463,479,438],"all_points_y":[559,588,584,557,559]},"region_attributes":{"object_name":"Number Plate"}}}},"np_train (48).jpg91993":{"fileref":"","size":91993,"filename":"np_train (48).jpg","base64_img_data":"","file_attributes":{},"regions":{"0":{"shape_attributes":{"name":"polygon","all_points_x":[579,698,712,584,579],"all_points_y":[587,541,597,599,587]},"region_attributes":{"object_name":"Number Plate"}}}},"np_train (49).jpg121206":{"fileref":"","size":121206,"filename":"np_train (49).jpg","base64_img_data":"","file_attributes":{},"regions":{"0":{"shape_attributes":{"name":"polygon","all_points_x":[676,702,714,688,676],"all_points_y":[273,262,306,323,273]},"region_attributes":{"object_name":"Number Plate"}}}},"np_train (50).jpg115439":{"fileref":"","size":115439,"filename":"np_train (50).jpg","base64_img_data":"","file_attributes":{},"regions":{"0":{"shape_attributes":{"name":"polygon","all_points_x":[136,166,166,135,136],"all_points_y":[302,302,318,320,302]},"region_attributes":{"object_name":"Number Plate"}},"1":{"shape_attributes":{"name":"polygon","all_points_x":[784,779,798,799,784],"all_points_y":[374,400,404,376,374]},"region_attributes":{"object_name":"Number Plate"}}}},"np_train (51).jpg118953":{"fileref":"","size":118953,"filename":"np_train (51).jpg","base64_img_data":"","file_attributes":{},"regions":{"0":{"shape_attributes":{"name":"polygon","all_points_x":[420,451,441,410,420],"all_points_y":[506,509,535,536,506]},"region_attributes":{"object_name":"Number Plate"}}}},"np_train (52).jpg132990":{"fileref":"","size":132990,"filename":"np_train (52).jpg","base64_img_data":"","file_attributes":{},"regions":{"0":{"shape_attributes":{"name":"polygon","all_points_x":[16,64,65,19,16],"all_points_y":[449,482,535,501,449]},"region_attributes":{"object_name":"Number Plate"}}}},"np_train (53).jpg50306":{"fileref":"","size":50306,"filename":"np_train (53).jpg","base64_img_data":"","file_attributes":{},"regions":{"0":{"shape_attributes":{"name":"polygon","all_points_x":[446,510,494,440,446],"all_points_y":[340,335,428,437,340]},"region_attributes":{"object_name":"Number Plate"}}}},"np_train (54).jpg83111":{"fileref":"","size":83111,"filename":"np_train (54).jpg","base64_img_data":"","file_attributes":{},"regions":{"0":{"shape_attributes":{"name":"polygon","all_points_x":[561,616,625,568,561],"all_points_y":[374,359,397,420,374]},"region_attributes":{"object_name":"Number Plate"}}}},"np_train (55).jpg111142":{"fileref":"","size":111142,"filename":"np_train (55).jpg","base64_img_data":"","file_attributes":{},"regions":{"0":{"shape_attributes":{"name":"polygon","all_points_x":[71,92,92,71,71],"all_points_y":[278,289,333,322,278]},"region_attributes":{"object_name":"Number Plate"}}}},"np_train (56).jpg136593":{"fileref":"","size":136593,"filename":"np_train (56).jpg","base64_img_data":"","file_attributes":{},"regions":{"0":{"shape_attributes":{"name":"polygon","all_points_x":[186,248,249,190,186],"all_points_y":[459,469,509,499,459]},"region_attributes":{"object_name":"Number Plate"}}}},"np_train (57).jpg148090":{"fileref":"","size":148090,"filename":"np_train (57).jpg","base64_img_data":"","file_attributes":{},"regions":{"0":{"shape_attributes":{"name":"polygon","all_points_x":[0,39,43,0,0],"all_points_y":[379,407,460,426,379]},"region_attributes":{"object_name":"Number Plate"}}}},"np_train (58).jpg68442":{"fileref":"","size":68442,"filename":"np_train (58).jpg","base64_img_data":"","file_attributes":{},"regions":{"0":{"shape_attributes":{"name":"polygon","all_points_x":[777,796,797,777],"all_points_y":[182,254,186,182]},"region_attributes":{"object_name":"Number Plate"}}}},"np_train (59).jpg118512":{"fileref":"","size":118512,"filename":"np_train (59).jpg","base64_img_data":"","file_attributes":{},"regions":{"0":{"shape_attributes":{"name":"polygon","all_points_x":[38,95,104,49,38],"all_points_y":[466,497,552,519,466]},"region_attributes":{"object_name":"Number Plate"}}}},"np_train (60).jpg105209":{"fileref":"","size":105209,"filename":"np_train (60).jpg","base64_img_data":"","file_attributes":{},"regions":{"0":{"shape_attributes":{"name":"polygon","all_points_x":[628,699,698,631,628],"all_points_y":[337,345,384,377,337]},"region_attributes":{"object_name":"Number Plate"}},"1":{"shape_attributes":{"name":"polygon","all_points_x":[262,312,312,266,262],"all_points_y":[368,372,405,402,368]},"region_attributes":{"object_name":"Number Plate"}},"2":{"shape_attributes":{"name":"polygon","all_points_x":[2,26,26,3,2],"all_points_y":[345,347,377,373,345]},"region_attributes":{"object_name":"Number Plate"}}}},"np_train (61).jpg145810":{"fileref":"","size":145810,"filename":"np_train (61).jpg","base64_img_data":"","file_attributes":{},"regions":{"0":{"shape_attributes":{"name":"polygon","all_points_x":[540,582,582,542,540],"all_points_y":[353,351,373,380,353]},"region_attributes":{"object_name":"Number Plate"}}}},"np_train (62).jpg64119":{"fileref":"","size":64119,"filename":"np_train (62).jpg","base64_img_data":"","file_attributes":{},"regions":{"0":{"shape_attributes":{"name":"polygon","all_points_x":[433,502,502,432,433],"all_points_y":[337,335,363,368,337]},"region_attributes":{"object_name":"Number Plate"}}}},"np_train (63).jpg85612":{"fileref":"","size":85612,"filename":"np_train (63).jpg","base64_img_data":"","file_attributes":{},"regions":{"0":{"shape_attributes":{"name":"polygon","all_points_x":[410,483,482,409,410],"all_points_y":[321,320,364,367,321]},"region_attributes":{"object_name":"Number Plate"}}}},"np_train (64).jpg146066":{"fileref":"","size":146066,"filename":"np_train (64).jpg","base64_img_data":"","file_attributes":{},"regions":{"0":{"shape_attributes":{"name":"polygon","all_points_x":[165,234,245,169,165],"all_points_y":[422,427,464,461,422]},"region_attributes":{"object_name":"Number Plate"}}}},"np_train (65).jpg125499":{"fileref":"","size":125499,"filename":"np_train (65).jpg","base64_img_data":"","file_attributes":{},"regions":{"0":{"shape_attributes":{"name":"polygon","all_points_x":[219,263,263,222,219],"all_points_y":[464,461,487,492,464]},"region_attributes":{"object_name":"Number Plate"}},"1":{"shape_attributes":{"name":"polygon","all_points_x":[381,421,429,387,381],"all_points_y":[427,425,443,446,427]},"region_attributes":{"object_name":"Number Plate"}},"2":{"shape_attributes":{"name":"polygon","all_points_x":[293,320,322,296,293],"all_points_y":[408,406,419,423,408]},"region_attributes":{"object_name":"Number Plate"}}}},"np_train (66).jpg253747":{"fileref":"","size":253747,"filename":"np_train (66).jpg","base64_img_data":"","file_attributes":{},"regions":{"0":{"shape_attributes":{"name":"polygon","all_points_x":[529,579,579,530,529],"all_points_y":[345,346,370,372,345]},"region_attributes":{"object_name":"Number Plate"}}}},"np_train (67).jpg112151":{"fileref":"","size":112151,"filename":"np_train (67).jpg","base64_img_data":"","file_attributes":{},"regions":{"0":{"shape_attributes":{"name":"polygon","all_points_x":[343,466,469,343,343],"all_points_y":[480,477,542,543,480]},"region_attributes":{"object_name":"Number Plate"}}}},"np_train (68).jpg155514":{"fileref":"","size":155514,"filename":"np_train (68).jpg","base64_img_data":"","file_attributes":{},"regions":{"0":{"shape_attributes":{"name":"polygon","all_points_x":[343,407,401,337,343],"all_points_y":[443,446,479,476,443]},"region_attributes":{"object_name":"Number Plate"}}}},"np_train (69).jpg152853":{"fileref":"","size":152853,"filename":"np_train (69).jpg","base64_img_data":"","file_attributes":{},"regions":{"0":{"shape_attributes":{"name":"polygon","all_points_x":[533,569,567,532,533],"all_points_y":[342,341,368,370,342]},"region_attributes":{"object_name":"Number Plate"}}}},"np_train (70).jpg127079":{"fileref":"","size":127079,"filename":"np_train (70).jpg","base64_img_data":"","file_attributes":{},"regions":{"0":{"shape_attributes":{"name":"polygon","all_points_x":[171,464,455,178,171],"all_points_y":[185,217,387,341,185]},"region_attributes":{"object_name":"Number Plate"}}}},"np_train (71).jpg97459":{"fileref":"","size":97459,"filename":"np_train (71).jpg","base64_img_data":"","file_attributes":{},"regions":{"0":{"shape_attributes":{"name":"polygon","all_points_x":[474,538,533,473,474],"all_points_y":[375,368,401,409,375]},"region_attributes":{"object_name":"Number Plate"}}}},"np_train (72).jpg75000":{"fileref":"","size":75000,"filename":"np_train (72).jpg","base64_img_data":"","file_attributes":{},"regions":{"0":{"shape_attributes":{"name":"polygon","all_points_x":[352,387,392,358,352],"all_points_y":[183,184,238,238,183]},"region_attributes":{"object_name":"Number Plate"}}}},"np_train (73).jpg115803":{"fileref":"","size":115803,"filename":"np_train (73).jpg","base64_img_data":"","file_attributes":{},"regions":{"0":{"shape_attributes":{"name":"polygon","all_points_x":[473,517,506,460,473],"all_points_y":[393,395,464,466,393]},"region_attributes":{"object_name":"Number Plate"}}}},"np_train (74).jpg137815":{"fileref":"","size":137815,"filename":"np_train (74).jpg","base64_img_data":"","file_attributes":{},"regions":{"0":{"shape_attributes":{"name":"polygon","all_points_x":[447,483,491,459,447],"all_points_y":[181,179,233,234,181]},"region_attributes":{"object_name":"Number Plate"}}}},"np_train (75).jpg136773":{"fileref":"","size":136773,"filename":"np_train (75).jpg","base64_img_data":"","file_attributes":{},"regions":{"0":{"shape_attributes":{"name":"polygon","all_points_x":[155,202,212,170,155],"all_points_y":[461,445,471,489,461]},"region_attributes":{"object_name":"Number Plate"}}}},"np_train (76).jpg94131":{"fileref":"","size":94131,"filename":"np_train (76).jpg","base64_img_data":"","file_attributes":{},"regions":{"0":{"shape_attributes":{"name":"polygon","all_points_x":[458,516,523,465,458],"all_points_y":[130,128,219,221,130]},"region_attributes":{"object_name":"Number Plate"}}}},"np_train (77).jpg114173":{"fileref":"","size":114173,"filename":"np_train (77).jpg","base64_img_data":"","file_attributes":{},"regions":{"0":{"shape_attributes":{"name":"polygon","all_points_x":[12,51,46,7,12],"all_points_y":[404,397,434,442,404]},"region_attributes":{"object_name":"Number Plate"}}}},"np_train (78).jpg118593":{"fileref":"","size":118593,"filename":"np_train (78).jpg","base64_img_data":"","file_attributes":{},"regions":{"0":{"shape_attributes":{"name":"polygon","all_points_x":[510,554,591,541,510],"all_points_y":[57,34,80,108,57]},"region_attributes":{"object_name":"Number Plate"}}}},"np_train (79).jpg142477":{"fileref":"","size":142477,"filename":"np_train (79).jpg","base64_img_data":"","file_attributes":{},"regions":{"0":{"shape_attributes":{"name":"polygon","all_points_x":[547,605,618,561,547],"all_points_y":[391,370,405,429,391]},"region_attributes":{"object_name":"Number Plate"}}}},"np_train (80).jpg165740":{"fileref":"","size":165740,"filename":"np_train (80).jpg","base64_img_data":"","file_attributes":{},"regions":{"0":{"shape_attributes":{"name":"polygon","all_points_x":[513,572,585,531,513],"all_points_y":[421,422,484,482,421]},"region_attributes":{"object_name":"Number Plate"}}}},"np_train (81).jpg130116":{"fileref":"","size":130116,"filename":"np_train (81).jpg","base64_img_data":"","file_attributes":{},"regions":{"0":{"shape_attributes":{"name":"polygon","all_points_x":[426,469,496,454,426],"all_points_y":[441,405,451,490,441]},"region_attributes":{"object_name":"Number Plate"}}}},"np_train (82).jpg259960":{"fileref":"","size":259960,"filename":"np_train (82).jpg","base64_img_data":"","file_attributes":{},"regions":{"0":{"shape_attributes":{"name":"polygon","all_points_x":[383,403,427,409,383],"all_points_y":[282,270,300,313,282]},"region_attributes":{"object_name":"Number Plate"}}}},"np_train (83).jpg177217":{"fileref":"","size":177217,"filename":"np_train (83).jpg","base64_img_data":"","file_attributes":{},"regions":{"0":{"shape_attributes":{"name":"polygon","all_points_x":[467,529,545,483,467],"all_points_y":[277,279,410,399,277]},"region_attributes":{"object_name":"Number Plate"}}}},"np_train (84).jpg122016":{"fileref":"","size":122016,"filename":"np_train (84).jpg","base64_img_data":"","file_attributes":{},"regions":{"0":{"shape_attributes":{"name":"polygon","all_points_x":[556,645,650,566,556],"all_points_y":[450,426,483,512,450]},"region_attributes":{"object_name":"Number Plate"}}}},"np_train (85).jpg125834":{"fileref":"","size":125834,"filename":"np_train (85).jpg","base64_img_data":"","file_attributes":{},"regions":{"0":{"shape_attributes":{"name":"polygon","all_points_x":[165,225,221,164,165],"all_points_y":[377,395,439,421,377]},"region_attributes":{"object_name":"Number Plate"}}}},"np_train (86).jpg84186":{"fileref":"","size":84186,"filename":"np_train (86).jpg","base64_img_data":"","file_attributes":{},"regions":{"0":{"shape_attributes":{"name":"polygon","all_points_x":[315,484,479,320,315],"all_points_y":[546,547,597,597,546]},"region_attributes":{"object_name":"Number Plate"}}}},"np_train (87).jpg162065":{"fileref":"","size":162065,"filename":"np_train (87).jpg","base64_img_data":"","file_attributes":{},"regions":{"0":{"shape_attributes":{"name":"polygon","all_points_x":[135,161,163,136,135],"all_points_y":[283,285,322,320,283]},"region_attributes":{"object_name":"Number Plate"}}}},"np_train (88).jpg162381":{"fileref":"","size":162381,"filename":"np_train (88).jpg","base64_img_data":"","file_attributes":{},"regions":{"0":{"shape_attributes":{"name":"polygon","all_points_x":[136,163,163,136,136],"all_points_y":[286,287,323,319,286]},"region_attributes":{"object_name":"Number Plate"}}}},"np_train (89).jpg185059":{"fileref":"","size":185059,"filename":"np_train (89).jpg","base64_img_data":"","file_attributes":{},"regions":{"0":{"shape_attributes":{"name":"polygon","all_points_x":[451,500,502,457,451],"all_points_y":[305,304,334,336,305]},"region_attributes":{"object_name":"Number Plate"}}}},"np_train (90).jpg130122":{"fileref":"","size":130122,"filename":"np_train (90).jpg","base64_img_data":"","file_attributes":{},"regions":{"0":{"shape_attributes":{"name":"polygon","all_points_x":[384,419,431,400,384],"all_points_y":[166,154,197,210,166]},"region_attributes":{"object_name":"Number Plate"}}}},"np_train (91).jpg123650":{"fileref":"","size":123650,"filename":"np_train (91).jpg","base64_img_data":"","file_attributes":{},"regions":{"0":{"shape_attributes":{"name":"polygon","all_points_x":[690,726,728,694,690],"all_points_y":[331,326,345,350,331]},"region_attributes":{"object_name":"Number Plate"}},"1":{"shape_attributes":{"name":"polygon","all_points_x":[527,554,553,529,527],"all_points_y":[342,341,357,359,342]},"region_attributes":{"object_name":"Number Plate"}},"2":{"shape_attributes":{"name":"polygon","all_points_x":[416,440,440,424,416],"all_points_y":[305,299,314,318,305]},"region_attributes":{"object_name":"Number Plate"}}}},"np_train (92).jpg190075":{"fileref":"","size":190075,"filename":"np_train (92).jpg","base64_img_data":"","file_attributes":{},"regions":{"0":{"shape_attributes":{"name":"polygon","all_points_x":[62,108,104,63,62],"all_points_y":[350,358,394,385,350]},"region_attributes":{"object_name":"Number Plate"}},"1":{"shape_attributes":{"name":"polygon","all_points_x":[686,723,721,685,686],"all_points_y":[401,408,428,422,401]},"region_attributes":{"object_name":"Number Plate"}}}},"np_train (93).jpg110904":{"fileref":"","size":110904,"filename":"np_train (93).jpg","base64_img_data":"","file_attributes":{},"regions":{"0":{"shape_attributes":{"name":"polygon","all_points_x":[373,414,413,371,373],"all_points_y":[312,310,331,334,312]},"region_attributes":{"object_name":"Number Plate"}},"1":{"shape_attributes":{"name":"polygon","all_points_x":[633,625,648,658,633],"all_points_y":[286,303,303,288,286]},"region_attributes":{"object_name":"Number Plate"}}}},"np_train (94).jpg85457":{"fileref":"","size":85457,"filename":"np_train (94).jpg","base64_img_data":"","file_attributes":{},"regions":{"0":{"shape_attributes":{"name":"polygon","all_points_x":[508,579,582,515,508],"all_points_y":[336,321,367,384,336]},"region_attributes":{"object_name":"Number Plate"}}}},"np_train (95).jpg130740":{"fileref":"","size":130740,"filename":"np_train (95).jpg","base64_img_data":"","file_attributes":{},"regions":{"0":{"shape_attributes":{"name":"polygon","all_points_x":[93,56,85,127,93],"all_points_y":[138,196,234,170,138]},"region_attributes":{"object_name":"Number Plate"}}}},"np_train (96).jpg59730":{"fileref":"","size":59730,"filename":"np_train (96).jpg","base64_img_data":"","file_attributes":{},"regions":{"0":{"shape_attributes":{"name":"polygon","all_points_x":[183,239,237,186,183],"all_points_y":[407,415,453,444,407]},"region_attributes":{"object_name":"Number Plate"}}}},"np_train (97).jpg130616":{"fileref":"","size":130616,"filename":"np_train (97).jpg","base64_img_data":"","file_attributes":{},"regions":{"0":{"shape_attributes":{"name":"polygon","all_points_x":[238,282,281,238,238],"all_points_y":[328,332,361,359,328]},"region_attributes":{"object_name":"Number Plate"}}}},"np_train (98).jpg85438":{"fileref":"","size":85438,"filename":"np_train (98).jpg","base64_img_data":"","file_attributes":{},"regions":{"0":{"shape_attributes":{"name":"polygon","all_points_x":[500,565,564,501,500],"all_points_y":[237,240,283,284,237]},"region_attributes":{"object_name":"Number Plate"}}}},"np_train (99).jpg111477":{"fileref":"","size":111477,"filename":"np_train (99).jpg","base64_img_data":"","file_attributes":{},"regions":{"0":{"shape_attributes":{"name":"polygon","all_points_x":[482,546,544,482,482],"all_points_y":[283,280,304,311,283]},"region_attributes":{"object_name":"Number Plate"}}}},"np_train (100).jpg122014":{"fileref":"","size":122014,"filename":"np_train (100).jpg","base64_img_data":"","file_attributes":{},"regions":{"0":{"shape_attributes":{"name":"polygon","all_points_x":[394,441,442,398,394],"all_points_y":[487,482,507,514,487]},"region_attributes":{"object_name":"Number Plate"}}}},"np_train (101).jpg166112":{"fileref":"","size":166112,"filename":"np_train (101).jpg","base64_img_data":"","file_attributes":{},"regions":{"0":{"shape_attributes":{"name":"polygon","all_points_x":[330,381,381,387,336,329,330],"all_points_y":[366,369,384,392,392,383,366]},"region_attributes":{"object_name":"Number Plate"}}}},"np_train (102).jpg184554":{"fileref":"","size":184554,"filename":"np_train (102).jpg","base64_img_data":"","file_attributes":{},"regions":{"0":{"shape_attributes":{"name":"polygon","all_points_x":[363,428,431,364,363],"all_points_y":[434,435,473,473,434]},"region_attributes":{"object_name":"Number Plate"}}}},"np_train (103).jpg119384":{"fileref":"","size":119384,"filename":"np_train (103).jpg","base64_img_data":"","file_attributes":{},"regions":{"0":{"shape_attributes":{"name":"polygon","all_points_x":[337,477,478,344,337],"all_points_y":[290,280,317,327,290]},"region_attributes":{"object_name":"Number Plate"}}}},"np_train (104).jpg151344":{"fileref":"","size":151344,"filename":"np_train (104).jpg","base64_img_data":"","file_attributes":{},"regions":{"0":{"shape_attributes":{"name":"polygon","all_points_x":[562,638,642,566,562],"all_points_y":[398,375,429,455,398]},"region_attributes":{"object_name":"Number Plate"}}}},"np_train (105).jpg133009":{"fileref":"","size":133009,"filename":"np_train (105).jpg","base64_img_data":"","file_attributes":{},"regions":{"0":{"shape_attributes":{"name":"polygon","all_points_x":[184,183,272,275,184],"all_points_y":[413,468,497,438,413]},"region_attributes":{"object_name":"Number Plate"}}}},"np_train (106).jpg110092":{"fileref":"","size":110092,"filename":"np_train (106).jpg","base64_img_data":"","file_attributes":{},"regions":{"0":{"shape_attributes":{"name":"polygon","all_points_x":[144,202,208,151,144],"all_points_y":[329,315,344,361,329]},"region_attributes":{"object_name":"Number Plate"}}}},"np_train (107).jpg170024":{"fileref":"","size":170024,"filename":"np_train (107).jpg","base64_img_data":"","file_attributes":{},"regions":{"0":{"shape_attributes":{"name":"polygon","all_points_x":[411,453,446,408,411],"all_points_y":[415,411,476,480,415]},"region_attributes":{"object_name":"Number Plate"}}}},"np_train (108).jpg142902":{"fileref":"","size":142902,"filename":"np_train (108).jpg","base64_img_data":"","file_attributes":{},"regions":{"0":{"shape_attributes":{"name":"polygon","all_points_x":[155,170,170,157,155],"all_points_y":[172,176,195,192,172]},"region_attributes":{"object_name":"Number Plate"}},"1":{"shape_attributes":{"name":"polygon","all_points_x":[39,53,55,38,39],"all_points_y":[127,128,137,138,127]},"region_attributes":{"object_name":"Number Plate"}}}},"np_train (109).jpg97235":{"fileref":"","size":97235,"filename":"np_train (109).jpg","base64_img_data":"","file_attributes":{},"regions":{"0":{"shape_attributes":{"name":"polygon","all_points_x":[120,154,154,121,120],"all_points_y":[224,224,248,247,224]},"region_attributes":{"object_name":"Number Plate"}},"1":{"shape_attributes":{"name":"polygon","all_points_x":[475,577,579,481,475],"all_points_y":[366,356,422,432,366]},"region_attributes":{"object_name":"Number Plate"}}}},"np_train (110).jpg152173":{"fileref":"","size":152173,"filename":"np_train (110).jpg","base64_img_data":"","file_attributes":{},"regions":{"0":{"shape_attributes":{"name":"polygon","all_points_x":[140,183,188,150,140],"all_points_y":[212,211,240,246,212]},"region_attributes":{"object_name":"Number Plate"}},"1":{"shape_attributes":{"name":"polygon","all_points_x":[206,284,288,211,206],"all_points_y":[391,398,449,441,391]},"region_attributes":{"object_name":"Number Plate"}}}},"np_train (111).jpg118912":{"fileref":"","size":118912,"filename":"np_train (111).jpg","base64_img_data":"","file_attributes":{},"regions":{"0":{"shape_attributes":{"name":"polygon","all_points_x":[698,739,728,684,698],"all_points_y":[460,427,475,512,460]},"region_attributes":{"object_name":"Number Plate"}}}},"np_train (112).jpg69603":{"fileref":"","size":69603,"filename":"np_train (112).jpg","base64_img_data":"","file_attributes":{},"regions":{"0":{"shape_attributes":{"name":"polygon","all_points_x":[129,178,179,132,129],"all_points_y":[329,342,397,384,329]},"region_attributes":{"object_name":"Number Plate"}}}},"np_train (113).jpg93472":{"fileref":"","size":93472,"filename":"np_train (113).jpg","base64_img_data":"","file_attributes":{},"regions":{"0":{"shape_attributes":{"name":"polygon","all_points_x":[572,604,603,570,572],"all_points_y":[158,179,246,227,158]},"region_attributes":{"object_name":"Number Plate"}}}},"np_train (114).jpg65561":{"fileref":"","size":65561,"filename":"np_train (114).jpg","base64_img_data":"","file_attributes":{},"regions":{"0":{"shape_attributes":{"name":"polygon","all_points_x":[201,270,267,199,201],"all_points_y":[307,305,391,389,307]},"region_attributes":{"object_name":"Number Plate"}}}},"np_train (115).jpg91122":{"fileref":"","size":91122,"filename":"np_train (115).jpg","base64_img_data":"","file_attributes":{},"regions":{"0":{"shape_attributes":{"name":"polygon","all_points_x":[319,479,482,321,319],"all_points_y":[313,315,397,399,313]},"region_attributes":{"object_name":"Number Plate"}}}},"np_train (116).jpg92115":{"fileref":"","size":92115,"filename":"np_train (116).jpg","base64_img_data":"","file_attributes":{},"regions":{"0":{"shape_attributes":{"name":"polygon","all_points_x":[558,600,600,561,558],"all_points_y":[465,454,493,514,465]},"region_attributes":{"object_name":"Number Plate"}}}},"np_train (117).jpg117787":{"fileref":"","size":117787,"filename":"np_train (117).jpg","base64_img_data":"","file_attributes":{},"regions":{"0":{"shape_attributes":{"name":"polygon","all_points_x":[527,577,576,527,527],"all_points_y":[554,558,588,582,554]},"region_attributes":{"object_name":"Number Plate"}},"1":{"shape_attributes":{"name":"polygon","all_points_x":[147,205,204,145,147],"all_points_y":[575,574,598,598,575]},"region_attributes":{"object_name":"Number Plate"}}}},"np_train (118).jpg155364":{"fileref":"","size":155364,"filename":"np_train (118).jpg","base64_img_data":"","file_attributes":{},"regions":{"0":{"shape_attributes":{"name":"polygon","all_points_x":[475,501,500,477,475],"all_points_y":[589,589,599,599,589]},"region_attributes":{"object_name":"Number Plate"}}}},"np_train (119).jpg90433":{"fileref":"","size":90433,"filename":"np_train (119).jpg","base64_img_data":"","file_attributes":{},"regions":{"0":{"shape_attributes":{"name":"polygon","all_points_x":[334,474,471,339,334],"all_points_y":[271,272,343,340,271]},"region_attributes":{"object_name":"Number Plate"}}}},"np_train (120).jpg110668":{"fileref":"","size":110668,"filename":"np_train (120).jpg","base64_img_data":"","file_attributes":{},"regions":{"0":{"shape_attributes":{"name":"polygon","all_points_x":[210,376,381,223,210],"all_points_y":[304,304,379,381,304]},"region_attributes":{"object_name":"Number Plate"}}}},"np_train (121).jpg132662":{"fileref":"","size":132662,"filename":"np_train (121).jpg","base64_img_data":"","file_attributes":{},"regions":{"0":{"shape_attributes":{"name":"polygon","all_points_x":[682,799,781,667,682],"all_points_y":[311,236,292,370,311]},"region_attributes":{"object_name":"Number Plate"}}}}}