{"np_train (1).jpg62242":{"fileref":"","size":62242,"filename":"np_train (1).jpg","base64_img_data":"","file_attributes":{},"regions":{"0":{"shape_attributes":{"name":"polygon","all_points_x":[636,158,166,639,636],"all_points_y":[204,154,401,459,204]},"region_attributes":{"object_name":"Number Plate"}}}},"np_train (2).jpg72989":{"fileref":"","size":72989,"filename":"np_train (2).jpg","base64_img_data":"","file_attributes":{},"regions":{"0":{"shape_attributes":{"name":"polygon","all_points_x":[143,208,546,469,143],"all_points_y":[249,431,356,195,249]},"region_attributes":{"object_name":"Number Plate"}}}},"np_train (3).jpg101585":{"fileref":"","size":101585,"filename":"np_train (3).jpg","base64_img_data":"","file_attributes":{},"regions":{"0":{"shape_attributes":{"name":"polygon","all_points_x":[310,308,545,552,310],"all_points_y":[342,462,475,348,342]},"region_attributes":{"object_name":"Number Plate"}}}},"np_train (4).jpg101585":{"fileref":"","size":101585,"filename":"np_train (4).jpg","base64_img_data":"","file_attributes":{},"regions":{"0":{"shape_attributes":{"name":"polygon","all_points_x":[311,308,545,553,311],"all_points_y":[343,464,476,352,343]},"region_attributes":{"object_name":"Number Plate"}}}},"np_train (5).jpg98683":{"fileref":"","size":98683,"filename":"np_train (5).jpg","base64_img_data":"","file_attributes":{},"regions":{"0":{"shape_attributes":{"name":"polygon","all_points_x":[344,343,457,460,344],"all_points_y":[333,393,396,334,333]},"region_attributes":{"object_name":"Number Plate"}}}},"np_train (6).jpg113404":{"fileref":"","size":113404,"filename":"np_train (6).jpg","base64_img_data":"","file_attributes":{},"regions":{"0":{"shape_attributes":{"name":"polygon","all_points_x":[254,259,554,557,254],"all_points_y":[290,449,445,290,290]},"region_attributes":{"object_name":"Number Plate"}}}},"np_train (7).jpg77880":{"fileref":"","size":77880,"filename":"np_train (7).jpg","base64_img_data":"","file_attributes":{},"regions":{"0":{"shape_attributes":{"name":"polygon","all_points_x":[282,290,557,550,282],"all_points_y":[317,498,471,299,317]},"region_attributes":{"object_name":"Number Plate"}}}},"np_train (9).jpg81984":{"fileref":"","size":81984,"filename":"np_train (9).jpg","base64_img_data":"","file_attributes":{},"regions":{"0":{"shape_attributes":{"name":"polygon","all_points_x":[359,368,562,559,359],"all_points_y":[322,440,413,295,322]},"region_attributes":{"object_name":"Number Plate"}}}},"np_train (10).jpg81984":{"fileref":"","size":81984,"filename":"np_train (10).jpg","base64_img_data":"","file_attributes":{},"regions":{"0":{"shape_attributes":{"name":"polygon","all_points_x":[363,372,555,553,363],"all_points_y":[326,435,407,310,326]},"region_attributes":{"object_name":"Number Plate"}}}},"np_train (11).jpg81682":{"fileref":"","size":81682,"filename":"np_train (11).jpg","base64_img_data":"","file_attributes":{},"regions":{"0":{"shape_attributes":{"name":"polygon","all_points_x":[217,221,415,414,217],"all_points_y":[457,551,552,454,457]},"region_attributes":{"object_name":"Number Plate"}}}},"np_train (12).jpg51366":{"fileref":"","size":51366,"filename":"np_train (12).jpg","base64_img_data":"","file_attributes":{},"regions":{"0":{"shape_attributes":{"name":"polygon","all_points_x":[19,20,782,781,19],"all_points_y":[108,504,496,103,108]},"region_attributes":{"object_name":"Number Plate"}}}},"np_train (13).jpg97033":{"fileref":"","size":97033,"filename":"np_train (13).jpg","base64_img_data":"","file_attributes":{},"regions":{"0":{"shape_attributes":{"name":"polygon","all_points_x":[264,264,447,449,264],"all_points_y":[444,541,536,444,444]},"region_attributes":{"object_name":"Number Plate"}}}},"np_train (14).jpg97007":{"fileref":"","size":97007,"filename":"np_train (14).jpg","base64_img_data":"","file_attributes":{},"regions":{"0":{"shape_attributes":{"name":"polygon","all_points_x":[30,31,73,71,30],"all_points_y":[267,290,286,264,267]},"region_attributes":{"object_name":"Number Plate"}},"1":{"shape_attributes":{"name":"polygon","all_points_x":[301,303,333,332,301],"all_points_y":[240,259,258,239,240]},"region_attributes":{"object_name":"Number Plate"}},"2":{"shape_attributes":{"name":"polygon","all_points_x":[452,453,478,478,452],"all_points_y":[234,252,250,234,234]},"region_attributes":{"object_name":"Number Plate"}},"3":{"shape_attributes":{"name":"polygon","all_points_x":[570,572,653,653,570],"all_points_y":[413,464,492,440,413]},"region_attributes":{"object_name":"Number Plate"}}}},"np_train (15).jpg114338":{"fileref":"","size":114338,"filename":"np_train (15).jpg","base64_img_data":"","file_attributes":{},"regions":{"0":{"shape_attributes":{"name":"polygon","all_points_x":[86,88,111,110,86],"all_points_y":[279,298,299,282,279]},"region_attributes":{"object_name":"Number Plate"}},"1":{"shape_attributes":{"name":"polygon","all_points_x":[184,187,219,218,184],"all_points_y":[303,326,327,303,303]},"region_attributes":{"object_name":"Number Plate"}},"2":{"shape_attributes":{"name":"polygon","all_points_x":[493,495,546,545,493],"all_points_y":[350,382,386,356,350]},"region_attributes":{"object_name":"Number Plate"}}}},"np_train (16).jpg67533":{"fileref":"","size":67533,"filename":"np_train (16).jpg","base64_img_data":"","file_attributes":{},"regions":{"0":{"shape_attributes":{"name":"polygon","all_points_x":[17,24,770,781,17],"all_points_y":[110,494,496,113,110]},"region_attributes":{"object_name":"Number Plate"}}}},"np_train (17).jpg47805":{"fileref":"","size":47805,"filename":"np_train (17).jpg","base64_img_data":"","file_attributes":{},"regions":{"0":{"shape_attributes":{"name":"polygon","all_points_x":[25,17,780,778,25],"all_points_y":[117,490,502,115,117]},"region_attributes":{"object_name":"Number Plate"}}}},"np_train (18).jpg68070":{"fileref":"","size":68070,"filename":"np_train (18).jpg","base64_img_data":"","file_attributes":{},"regions":{"0":{"shape_attributes":{"name":"polygon","all_points_x":[326,319,491,500,326],"all_points_y":[368,472,468,370,368]},"region_attributes":{"object_name":"Number Plate"}}}},"np_train (22).jpg65939":{"fileref":"","size":65939,"filename":"np_train (22).jpg","base64_img_data":"","file_attributes":{},"regions":{"0":{"shape_attributes":{"name":"polygon","all_points_x":[316,308,437,447,316],"all_points_y":[362,443,446,366,362]},"region_attributes":{"object_name":"Number Plate"}},"1":{"shape_attributes":{"name":"polygon","all_points_x":[673,658,774,790,673],"all_points_y":[315,381,385,321,315]},"region_attributes":{"object_name":"Number Plate"}}}},"np_train (23).jpg109381":{"fileref":"","size":109381,"filename":"np_train (23).jpg","base64_img_data":"","file_attributes":{},"regions":{"0":{"shape_attributes":{"name":"polygon","all_points_x":[442,521,533,456,442],"all_points_y":[311,289,329,354,311]},"region_attributes":{"object_name":"Number Plate"}}}},"np_train (24).jpg88135":{"fileref":"","size":88135,"filename":"np_train (24).jpg","base64_img_data":"","file_attributes":{},"regions":{"0":{"shape_attributes":{"name":"polygon","all_points_x":[562,572,649,638,562],"all_points_y":[274,327,309,258,274]},"region_attributes":{"object_name":"Number Plate"}}}},"np_train (25).jpg77777":{"fileref":"","size":77777,"filename":"np_train (25).jpg","base64_img_data":"","file_attributes":{},"regions":{"0":{"shape_attributes":{"name":"polygon","all_points_x":[214,215,314,314,214],"all_points_y":[360,416,421,365,360]},"region_attributes":{"object_name":"Number Plate"}}}},"np_train (26).jpg75009":{"fileref":"","size":75009,"filename":"np_train (26).jpg","base64_img_data":"","file_attributes":{},"regions":{"0":{"shape_attributes":{"name":"polygon","all_points_x":[208,222,482,473,208],"all_points_y":[253,429,500,317,253]},"region_attributes":{"object_name":"Number Plate"}}}},"np_train (27).jpg55727":{"fileref":"","size":55727,"filename":"np_train (27).jpg","base64_img_data":"","file_attributes":{},"regions":{"0":{"shape_attributes":{"name":"polygon","all_points_x":[7,64,613,714,7],"all_points_y":[210,488,407,189,210]},"region_attributes":{"object_name":"Number Plate"}}}},"np_train (28).jpg39351":{"fileref":"","size":39351,"filename":"np_train (28).jpg","base64_img_data":"","file_attributes":{},"regions":{"0":{"shape_attributes":{"name":"polygon","all_points_x":[44,47,760,757,44],"all_points_y":[120,483,480,122,120]},"region_attributes":{"object_name":"Number Plate"}}}},"np_train (29).jpg60311":{"fileref":"","size":60311,"filename":"np_train (29).jpg","base64_img_data":"","file_attributes":{},"regions":{"0":{"shape_attributes":{"name":"polygon","all_points_x":[381,413,631,600,381],"all_points_y":[300,446,414,269,300]},"region_attributes":{"object_name":"Number Plate"}}}},"np_train (30).jpg98155":{"fileref":"","size":98155,"filename":"np_train (30).jpg","base64_img_data":"","file_attributes":{},"regions":{"0":{"shape_attributes":{"name":"polygon","all_points_x":[349,349,453,454,349],"all_points_y":[409,462,463,413,409]},"region_attributes":{"object_name":"Number Plate"}}}},"np_train (31).jpg88864":{"fileref":"","size":88864,"filename":"np_train (31).jpg","base64_img_data":"","file_attributes":{},"regions":{"0":{"shape_attributes":{"name":"polygon","all_points_x":[351,349,566,573,351],"all_points_y":[308,430,417,304,308]},"region_attributes":{"object_name":"Number Plate"}}}},"np_train (32).jpg96618":{"fileref":"","size":96618,"filename":"np_train (32).jpg","base64_img_data":"","file_attributes":{},"regions":{"0":{"shape_attributes":{"name":"polygon","all_points_x":[410,413,489,486,410],"all_points_y":[316,365,358,311,316]},"region_attributes":{"object_name":"Number Plate"}}}},"np_train (33).jpg84507":{"fileref":"","size":84507,"filename":"np_train (33).jpg","base64_img_data":"","file_attributes":{},"regions":{"0":{"shape_attributes":{"name":"polygon","all_points_x":[231,247,583,602,231],"all_points_y":[201,366,405,222,201]},"region_attributes":{"object_name":"Number Plate"}}}},"np_train (34).jpg84507":{"fileref":"","size":84507,"filename":"np_train (34).jpg","base64_img_data":"","file_attributes":{},"regions":{"0":{"shape_attributes":{"name":"polygon","all_points_x":[233,247,581,601,233],"all_points_y":[201,366,405,218,201]},"region_attributes":{"object_name":"Number Plate"}}}},"np_train (36).jpg46897":{"fileref":"","size":46897,"filename":"np_train (36).jpg","base64_img_data":"","file_attributes":{},"regions":{}},"np_train (37).jpg82472":{"fileref":"","size":82472,"filename":"np_train (37).jpg","base64_img_data":"","file_attributes":{},"regions":{}},"np_train (39).jpg95327":{"fileref":"","size":95327,"filename":"np_train (39).jpg","base64_img_data":"","file_attributes":{},"regions":{"0":{"shape_attributes":{"name":"polygon","all_points_x":[336,337,435,436,336],"all_points_y":[343,388,390,346,343]},"region_attributes":{"object_name":"Number Plate"}}}},"np_train (41).jpg55895":{"fileref":"","size":55895,"filename":"np_train (41).jpg","base64_img_data":"","file_attributes":{},"regions":{"0":{"shape_attributes":{"name":"polygon","all_points_x":[58,52,735,740,58],"all_points_y":[111,417,406,95,111]},"region_attributes":{"object_name":"Number Plate"}}}},"np_train (42).jpg63894":{"fileref":"","size":63894,"filename":"np_train (42).jpg","base64_img_data":"","file_attributes":{},"regions":{"0":{"shape_attributes":{"name":"polygon","all_points_x":[303,302,559,562,303],"all_points_y":[237,395,399,244,237]},"region_attributes":{"object_name":"Number Plate"}}}},"np_train (43).jpg77625":{"fileref":"","size":77625,"filename":"np_train (43).jpg","base64_img_data":"","file_attributes":{},"regions":{"0":{"shape_attributes":{"name":"polygon","all_points_x":[341,341,631,634,341],"all_points_y":[224,404,378,231,224]},"region_attributes":{"object_name":"Number Plate"}}}},"np_train (44).jpg89404":{"fileref":"","size":89404,"filename":"np_train (44).jpg","base64_img_data":"","file_attributes":{},"regions":{"0":{"shape_attributes":{"name":"polygon","all_points_x":[307,306,559,558,307],"all_points_y":[242,390,397,244,242]},"region_attributes":{"object_name":"Number Plate"}}}},"np_train (47).jpg83636":{"fileref":"","size":83636,"filename":"np_train (47).jpg","base64_img_data":"","file_attributes":{},"regions":{"0":{"shape_attributes":{"name":"polygon","all_points_x":[438,431,463,479,438],"all_points_y":[559,588,584,557,559]},"region_attributes":{"object_name":"Number Plate"}}}},"np_train (48).jpg91993":{"fileref":"","size":91993,"filename":"np_train (48).jpg","base64_img_data":"","file_attributes":{},"regions":{"0":{"shape_attributes":{"name":"polygon","all_points_x":[579,698,712,584,579],"all_points_y":[587,541,597,599,587]},"region_attributes":{"object_name":"Number Plate"}}}},"np_train (50).jpg115439":{"fileref":"","size":115439,"filename":"np_train (50).jpg","base64_img_data":"","file_attributes":{},"regions":{"0":{"shape_attributes":{"name":"polygon","all_points_x":[136,166,166,135,136],"all_points_y":[302,302,318,320,302]},"region_attributes":{"object_name":"Number Plate"}},"1":{"shape_attributes":{"name":"polygon","all_points_x":[784,779,798,799,784],"all_points_y":[374,400,404,376,374]},"region_attributes":{"object_name":"Number Plate"}}}},"np_train (53).jpg50306":{"fileref":"","size":50306,"filename":"np_train (53).jpg","base64_img_data":"","file_attributes":{},"regions":{"0":{"shape_attributes":{"name":"polygon","all_points_x":[446,510,494,440,446],"all_points_y":[340,335,428,437,340]},"region_attributes":{"object_name":"Number Plate"}}}},"np_train (54).jpg83111":{"fileref":"","size":83111,"filename":"np_train (54).jpg","base64_img_data":"","file_attributes":{},"regions":{"0":{"shape_attributes":{"name":"polygon","all_points_x":[561,616,625,568,561],"all_points_y":[374,359,397,420,374]},"region_attributes":{"object_name":"Number Plate"}}}},"np_train (55).jpg111142":{"fileref":"","size":111142,"filename":"np_train (55).jpg","base64_img_data":"","file_attributes":{},"regions":{"0":{"shape_attributes":{"name":"polygon","all_points_x":[71,92,92,71,71],"all_points_y":[278,289,333,322,278]},"region_attributes":{"object_name":"Number Plate"}}}},"np_train (58).jpg68442":{"fileref":"","size":68442,"filename":"np_train (58).jpg","base64_img_data":"","file_attributes":{},"regions":{"0":{"shape_attributes":{"name":"polygon","all_points_x":[777,796,797,777],"all_points_y":[182,254,186,182]},"region_attributes":{"object_name":"Number Plate"}}}},"np_train (60).jpg105209":{"fileref":"","size":105209,"filename":"np_train (60).jpg","base64_img_data":"","file_attributes":{},"regions":{"0":{"shape_attributes":{"name":"polygon","all_points_x":[628,699,698,631,628],"all_points_y":[337,345,384,377,337]},"region_attributes":{"object_name":"Number Plate"}},"1":{"shape_attributes":{"name":"polygon","all_points_x":[262,312,312,266,262],"all_points_y":[368,372,405,402,368]},"region_attributes":{"object_name":"Number Plate"}},"2":{"shape_attributes":{"name":"polygon","all_points_x":[2,26,26,3,2],"all_points_y":[345,347,377,373,345]},"region_attributes":{"object_name":"Number Plate"}}}},"np_train (62).jpg64119":{"fileref":"","size":64119,"filename":"np_train (62).jpg","base64_img_data":"","file_attributes":{},"regions":{"0":{"shape_attributes":{"name":"polygon","all_points_x":[433,502,502,432,433],"all_points_y":[337,335,363,368,337]},"region_attributes":{"object_name":"Number Plate"}}}},"np_train (63).jpg85612":{"fileref":"","size":85612,"filename":"np_train (63).jpg","base64_img_data":"","file_attributes":{},"regions":{"0":{"shape_attributes":{"name":"polygon","all_points_x":[410,483,482,409,410],"all_points_y":[321,320,364,367,321]},"region_attributes":{"object_name":"Number Plate"}}}},"np_train (67).jpg112151":{"fileref":"","size":112151,"filename":"np_train (67).jpg","base64_img_data":"","file_attributes":{},"regions":{"0":{"shape_attributes":{"name":"polygon","all_points_x":[343,466,469,343,343],"all_points_y":[480,477,542,543,480]},"region_attributes":{"object_name":"Number Plate"}}}},"np_train (71).jpg97459":{"fileref":"","size":97459,"filename":"np_train (71).jpg","base64_img_data":"","file_attributes":{},"regions":{"0":{"shape_attributes":{"name":"polygon","all_points_x":[474,538,533,473,474],"all_points_y":[375,368,401,409,375]},"region_attributes":{"object_name":"Number Plate"}}}},"np_train (72).jpg75000":{"fileref":"","size":75000,"filename":"np_train (72).jpg","base64_img_data":"","file_attributes":{},"regions":{"0":{"shape_attributes":{"name":"polygon","all_points_x":[352,387,392,358,352],"all_points_y":[183,184,238,238,183]},"region_attributes":{"object_name":"Number Plate"}}}},"np_train (73).jpg115803":{"fileref":"","size":115803,"filename":"np_train (73).jpg","base64_img_data":"","file_attributes":{},"regions":{"0":{"shape_attributes":{"name":"polygon","all_points_x":[473,517,506,460,473],"all_points_y":[393,395,464,466,393]},"region_attributes":{"object_name":"Number Plate"}}}},"np_train (76).jpg94131":{"fileref":"","size":94131,"filename":"np_train (76).jpg","base64_img_data":"","file_attributes":{},"regions":{"0":{"shape_attributes":{"name":"polygon","all_points_x":[458,516,523,465,458],"all_points_y":[130,128,219,221,130]},"region_attributes":{"object_name":"Number Plate"}}}},"np_train (77).jpg114173":{"fileref":"","size":114173,"filename":"np_train (77).jpg","base64_img_data":"","file_attributes":{},"regions":{"0":{"shape_attributes":{"name":"polygon","all_points_x":[12,51,46,7,12],"all_points_y":[404,397,434,442,404]},"region_attributes":{"object_name":"Number Plate"}}}},"np_train (86).jpg84186":{"fileref":"","size":84186,"filename":"np_train (86).jpg","base64_img_data":"","file_attributes":{},"regions":{"0":{"shape_attributes":{"name":"polygon","all_points_x":[315,484,479,320,315],"all_points_y":[546,547,597,597,546]},"region_attributes":{"object_name":"Number Plate"}}}},"np_train (93).jpg110904":{"fileref":"","size":110904,"filename":"np_train (93).jpg","base64_img_data":"","file_attributes":{},"regions":{"0":{"shape_attributes":{"name":"polygon","all_points_x":[373,414,413,371,373],"all_points_y":[312,310,331,334,312]},"region_attributes":{"object_name":"Number Plate"}},"1":{"shape_attributes":{"name":"polygon","all_points_x":[633,625,648,658,633],"all_points_y":[286,303,303,288,286]},"region_attributes":{"object_name":"Number Plate"}}}},"np_train (94).jpg85457":{"fileref":"","size":85457,"filename":"np_train (94).jpg","base64_img_data":"","file_attributes":{},"regions":{"0":{"shape_attributes":{"name":"polygon","all_points_x":[508,579,582,515,508],"all_points_y":[336,321,367,384,336]},"region_attributes":{"object_name":"Number Plate"}}}},"np_train (96).jpg59730":{"fileref":"","size":59730,"filename":"np_train (96).jpg","base64_img_data":"","file_attributes":{},"regions":{"0":{"shape_attributes":{"name":"polygon","all_points_x":[183,239,237,186,183],"all_points_y":[407,415,453,444,407]},"region_attributes":{"object_name":"Number Plate"}}}},"np_train (98).jpg85438":{"fileref":"","size":85438,"filename":"np_train (98).jpg","base64_img_data":"","file_attributes":{},"regions":{"0":{"shape_attributes":{"name":"polygon","all_points_x":[500,565,564,501,500],"all_points_y":[237,240,283,284,237]},"region_attributes":{"object_name":"Number Plate"}}}},"np_train (99).jpg111477":{"fileref":"","size":111477,"filename":"np_train (99).jpg","base64_img_data":"","file_attributes":{},"regions":{"0":{"shape_attributes":{"name":"polygon","all_points_x":[482,546,544,482,482],"all_points_y":[283,280,304,311,283]},"region_attributes":{"object_name":"Number Plate"}}}},"np_train (106).jpg110092":{"fileref":"","size":110092,"filename":"np_train (106).jpg","base64_img_data":"","file_attributes":{},"regions":{"0":{"shape_attributes":{"name":"polygon","all_points_x":[144,202,208,151,144],"all_points_y":[329,315,344,361,329]},"region_attributes":{"object_name":"Number Plate"}}}},"np_train (109).jpg97235":{"fileref":"","size":97235,"filename":"np_train (109).jpg","base64_img_data":"","file_attributes":{},"regions":{"0":{"shape_attributes":{"name":"polygon","all_points_x":[120,154,154,121,120],"all_points_y":[224,224,248,247,224]},"region_attributes":{"object_name":"Number Plate"}},"1":{"shape_attributes":{"name":"polygon","all_points_x":[475,577,579,481,475],"all_points_y":[366,356,422,432,366]},"region_attributes":{"object_name":"Number Plate"}}}},"np_train (112).jpg69603":{"fileref":"","size":69603,"filename":"np_train (112).jpg","base64_img_data":"","file_attributes":{},"regions":{"0":{"shape_attributes":{"name":"polygon","all_points_x":[129,178,179,132,129],"all_points_y":[329,342,397,384,329]},"region_attributes":{"object_name":"Number Plate"}}}},"np_train (113).jpg93472":{"fileref":"","size":93472,"filename":"np_train (113).jpg","base64_img_data":"","file_attributes":{},"regions":{"0":{"shape_attributes":{"name":"polygon","all_points_x":[572,604,603,570,572],"all_points_y":[158,179,246,227,158]},"region_attributes":{"object_name":"Number Plate"}}}},"np_train (114).jpg65561":{"fileref":"","size":65561,"filename":"np_train (114).jpg","base64_img_data":"","file_attributes":{},"regions":{"0":{"shape_attributes":{"name":"polygon","all_points_x":[201,270,267,199,201],"all_points_y":[307,305,391,389,307]},"region_attributes":{"object_name":"Number Plate"}}}},"np_train (115).jpg91122":{"fileref":"","size":91122,"filename":"np_train (115).jpg","base64_img_data":"","file_attributes":{},"regions":{"0":{"shape_attributes":{"name":"polygon","all_points_x":[319,479,482,321,319],"all_points_y":[313,315,397,399,313]},"region_attributes":{"object_name":"Number Plate"}}}},"np_train (116).jpg92115":{"fileref":"","size":92115,"filename":"np_train (116).jpg","base64_img_data":"","file_attributes":{},"regions":{"0":{"shape_attributes":{"name":"polygon","all_points_x":[558,600,600,561,558],"all_points_y":[465,454,493,514,465]},"region_attributes":{"object_name":"Number Plate"}}}},"np_train (119).jpg90433":{"fileref":"","size":90433,"filename":"np_train (119).jpg","base64_img_data":"","file_attributes":{},"regions":{"0":{"shape_attributes":{"name":"polygon","all_points_x":[334,474,471,339,334],"all_points_y":[271,272,343,340,271]},"region_attributes":{"object_name":"Number Plate"}}}},"np_train (120).jpg110668":{"fileref":"","size":110668,"filename":"np_train (120).jpg","base64_img_data":"","file_attributes":{},"regions":{"0":{"shape_attributes":{"name":"polygon","all_points_x":[210,376,381,223,210],"all_points_y":[304,304,379,381,304]},"region_attributes":{"object_name":"Number Plate"}}}}}